Movie Name,CSS,Language,Runtime (min.),IMDb_Rating,Animated,Genre,Fantasy,Drama,Music,Adventure,Thriller,Action,Family,Romance,Mystery,Sports,Comedy,Horror,Crime,SciFi,Lead_Actor,Lead_Actress,Director,Budget,BO Collection (Total),Trailer Views,Trailer Likes (K),Music_Rating,No. of Screens,Verdict
interstellar,0.3,English,169,8.7,Live Action,"Adventure, drama, sci-fi",1,1,1,1,1,1,0,0,1,0,0,0,0,1,Matthew David McConaughey,Anne Jacqueline Hathaway,Christopher Nolan,165.0,773.8,"36,314,005",202,8.5,>20000,Blockbuster
thedarkknight,0.4,English,152,9.0,Live Action,"Action,crime,drama",0,1,1,1,1,1,0,0,1,0,0,0,1,0,Christian Bale,Anne Hathaway,Christopher Nolan,18.5,100.6,180000000,185,9.4,>4300,Hit
theekenruddhaswasrajasthan,0.238095238095238,Bengali,121,6.7,Live Action,"Mystery, Thriller",0,1,0,0,0,0,0,1,0,0,1,0,1,0,Anirban Chakrabarti,,Joydeep Mukherjee,5.0,3.5,"1,419,093",92,6.2,>500,Superhit
lagaanonceuponatimeinindia,,Hindi,224,8.1,Live Action,"Drama, Musical, Sport",0,1,1,1,0,0,1,1,0,1,1,0,1,0,Aamir Khan,Gracy Singh,Ashutosh Gowariker,25.0,65.97,"10,460,532",86,7.5,>3000,Blockbuster
ramsetu,,Hindi,143,5.2,Live Action,"Action, adventure",0,0,0,0,0,0,0,0,0,0,0,0,0,0,Akshay Kumar,Jacqueline Fernandez,Abhishek Sharma,150.0,92.94,"41,621,819",796,7.0,>3100,Flop
pathaan,0.0,Hindi,146,5.9,Live Action,"Action, Thriller,Adventure",0,1,1,1,0,1,0,0,0,0,0,0,0,0,Shah Rukh Khan,Deepika Padukone,Siddharth Anand,225.0,1050.3,"95,215,450",2400,8.0,>6000,Blockbuster
raone,0.3,Hindi,156,4.7,Live Action,"Action, Adventure, Sci-fi",0,0,1,1,0,1,1,1,0,0,1,0,0,1,Shah Rukh Khan,Kareena Kapore,Anubhav Sinha,150.0,207.0,"2,284,960",11,6.0,>5000,Flop
kgf2,,Other Regional,168,8.3,Live Action,"Action, thriller, historical drama,crime",1,1,1,1,1,1,0,0,1,1,0,0,0,1,Yash,Srinidhi Shetty,Prashanth Neel,100.0,1250.0,"270,209,447",9800,8.0,>10000,Blockbuster
thekashmirfiles,,Hindi,170,8.7,Live Action,"Drama, History",0,1,0,0,0,0,0,0,0,0,0,0,1,0,Anupam Kher,Pallavi Joshi,Vivek Agnihotri,20.0,340.92,"52,759,423",1700,8.1,>4000,Blockbuster
missionmangal,,Hindi,127,6.5,Live Action,"Drama, sci-fi",0,1,1,0,0,1,1,0,0,0,1,0,0,1,Akshay Kumar,"Vidya Balan, Taapsee Pannu, Sonakshi Sinha, Kirti Kulhari, Nithya Menen",Jagan Shakti,70.0,291.95,"52,518,821",1100,9.0,>3000,Blockbuster
evildeadrise,0.4,English,97,6.7,Live Action,"Horror, fantasy",1,1,0,1,1,1,0,0,1,0,0,1,1,1,,"Lily Sullivan, Alyssa Sutherland",Lee Cronin,17.0,146.3,"19,054,878",81,8.0,>3000,Superhit
ballabhpurerroopkotha,0.4761904761904761,Bengali,136,8.1,Live Action,"Supernatural, comedy, drama, romance",0,1,1,0,0,0,1,1,0,0,1,0,0,0,Satyam Bhattacharya ,Surangana Bandyopadhyay ,Anirban Bhattacharya,3.0,5.01,"5,416,555",16,7.7,>2000,Hit
suzumenotojimari,0.5238095238095238,Other Regional,122,7.8,Animated,"Adventure, fantasy, sci-fi, romance",0,1,1,0,0,0,0,0,1,0,0,0,1,0,Hokuto Matsumura ,Nanoka Hara ,Makoto Shinkai,30.0,324.0,"1,963,144",37,10.0,>7500,Blockbuster
yehjawaanihaideewani,,Hindi,161,7.2,Live Action,"Comedy, Drama,Musical",0,1,1,0,0,0,1,1,0,0,1,0,0,0,Ranbir Kapoor ,Deepika Padukone ,Ayan Mukerji ,40.0,320.0,"10,460,532",86,7.0,>5000,Blockbuster
parinotafairytale,,Hindi,134,6.6,Live Action,"Fantasy, Horror, Mystery",0,1,1,0,0,0,0,1,0,0,0,1,1,0,Parambrata Chatterjee,Anushka Sharma,Prosit Roy,30.0,41.4,"76,601",1,6.1,>500,Average
jabwemet,,Hindi,139,7.9,Live Action,"Romance, Comedy, Drama",0,1,1,0,0,0,0,1,1,0,0,1,1,0,Shahid Kapoor ,Kareena Kapoor Khan ,Imtiaz Ali,15.0,50.9,"10,490,521",82,7.0,>1000,Superhit
herapheri,,Hindi,138,8.1,Live Action,"Comedy, Drama",0,1,1,0,0,1,0,0,0,0,1,0,1,0,"Akshay Kumar, Sunil Shetty, Parash Rawal",Tabu,Priyadarshan,7.5,21.4,28000000,2100,2.0,>200,Average
phirherapheri,,Hindi,153,7.2,Live Action,"Comedy, Drama",0,1,1,0,0,1,0,0,0,0,1,0,1,0,"Akshay Kumar, Sunil Shetty, Parash Rawal",,Neeraj Vora,18.0,69.12,11000000,131,2.0,>500,Superhit
omgohmygod,0.3,Hindi,130,8.1,Live Action,"Comedy, Drama, Fantasy",0,1,0,0,1,1,0,0,0,0,0,1,0,0,"Akshay Kumar, Parash Rawal",,Umesh Shukla,25.0,193.0,"11,293,725",44,9.0,>1000,Superhit
loveaajkal,0.238095238095238,Hindi,141,4.7,Live Action,"Romantic, drama",0,1,1,0,0,0,0,0,0,0,1,0,0,0,Kartik Aaryan,Sara Ali Khan,Imtiaz Ali,58.0,50.04,"50,047,547",708,8.0,>3000,Flop
raazi,0.35,Hindi,140,7.7,Live Action,"Action, Drama, Thriller",0,1,1,0,0,0,0,1,0,0,1,0,1,0,Vicky Kaushal,Alia Bhatt,Meghna Gulzar,37.0,197.0,"32,439,874",334,7.2,>1500,Superhit
welcome,0.3333333333333333,Hindi,158,7.0,Live Action,"Comedy, Drama",0,1,1,0,1,0,0,1,0,0,1,0,1,0,Akshay Kumar,Katrina Kaif,Anees Bazmee,32.0,119.49,17000000,179,6.0,>1000,Superhit
welcomeback,,Hindi,152,4.3,Live Action,"Comedy, Drama",0,1,1,0,1,0,0,1,0,0,1,0,1,0,John Abraham,Shruti Haasan,Anees Bazmee,88.0,168.76,"9,223,509",28,5.1,>3000,Average
urithesurgicalstrike,0.25,Hindi,138,8.2,Live Action,"Action, Drama, War",0,1,1,0,0,1,0,0,0,0,0,0,0,0,Vicky Kaushal,Yami Gautam,Aditya Dhar,25.0,359.73,"29,562,195",590,9.0,>1500,Blockbuster
thetashkentfiles,,Hindi,144,8.1,Live Action,"Drama, History",0,1,0,0,0,0,0,0,1,0,0,0,1,0,Mithun Chakraborty,Shweta Basu Prasad,Vivek Agnihotri,4.0,20.84,"11,325,189",250,8.9,>300,Hit
shahjahanregency,0.25,Bengali,156,6.6,Live Action,Drama,0,1,1,0,0,0,0,1,0,0,0,0,1,0,Parambrata Chatterjee,,Srijit Mukherjee,4.0,5.01,"939,784",17,9.2,>1000,Superhit
stree,,Hindi,128,7.5,Live Action,"Comedy, Horror",0,1,1,0,1,0,0,0,1,0,1,1,1,0,Rajkumar Rao,Shraddha Kapoor,Amar Kaushik,14.0,180.76,"54,745,957",424,7.2,>1500,Superhit
singham,0.3,Hindi,143,6.8,Live Action,"Action, Crime, Drama",0,1,1,0,1,1,0,0,1,0,1,0,1,0,Ajay Devgan,Kajal Agarwaal,Rohit Shetty,41.0,157.0,"8,111,492",21,8.9,>2000,Superhit
thelionking,0.25,English,118,6.8,Animated,"Fantasy, Adventure, Musical",1,0,1,1,0,1,1,1,1,0,1,0,0,1,Donald Glover,Beyoncé Giselle Knowles-Carter,Jon Favreau,260.0,1647.73,"74,575,570",781,9.2,>10000,Blockbuster
rajkahini,0.35,Bengali,160,7.2,Live Action,"Drama, History",0,1,1,0,1,0,0,1,1,0,0,0,1,0,"Saswata Chatterjee, Jisshu Sengupta, Kaushik Sen, Abir Chatterjee","Rituparna Sengupta, Jaya Ahsan, Lily Chakravarty, Parno Mittra ",Srijit Mukherjee,3.5,7.0,"2,003,443",10,9.2,>1000,Superhit
noproblem,,Hindi,140,4.4,Live Action,"Action, Comedy, Crime",0,0,0,0,0,0,0,0,0,0,1,0,0,0,"Anil Kapoor, Sanjay Dutt, Sunil Shetty",Sushmita Sen,Anees Bazmee,35.0,48.7,"1,323,166",1.1,6.0,>1000,Flop
kahaani,,Hindi,122,8.1,Live Action,"Mystery, Thriller",0,1,1,1,1,1,0,1,1,0,1,0,1,0,Parambrata Chatterjee,Vidya Balan,Sujoy Ghosh,20.0,91.71,"583,861",5.9,9.1,>1000,Hit
hemlocksociety,0.3,Bengali,141,7.5,Live Action,"Comedy, Drama, Romance",0,1,1,1,1,0,0,1,1,0,1,0,1,0,Parambrata Chatterjee,Koyel Mallick,Srijit Mukherjee,2.1,7.02,"630,107",5.6,8.5,>500,Hit
gumnaami,0.25,Bengali,142,7.8,Live Action,"Drama, History",0,1,1,0,1,0,0,0,1,0,1,0,1,0,"Anirban Bhattacharya, Prosenjit Chatterjee",Tanusree Chakraborty,Srijit Mukherjee,2.8,6.7,"937,932",33,8.1,>500,Superhit
gold,0.25,Hindi,151,7.3,Live Action,"Drama, History, Sport",0,1,1,1,0,0,0,0,0,1,0,0,0,0,Akshay Kumar,Mouni Roy,Reema Kagti,75.0,158.54,"39,110,376",439,7.0,>3000,Average
genarationaami,,Bengali,120,7.6,Live Action,Drama,0,1,1,0,0,0,1,0,0,0,1,0,0,0,Rwitobroto Mukherjee,Sauraseni Maitra,Mainak Bhaumik,5.01,8.56,"1,370,247",38,8.1,>500,Hit
entertainment,0.5,Hindi,145,4.5,Live Action,"Comedy, Drama",0,0,1,0,0,0,0,0,0,0,1,0,0,0,Akshay Kumar,Tamannaah Bhatia,Sajid,75.0,103.85,"8,978,324",24,5.2,>2500,Flop
ekjechhiloraja,,Bengali,147,7.2,Live Action,"Drama, Mystery, Thriller",0,1,1,0,0,0,1,0,1,0,1,0,0,0,Jisshu Sengupta,Jaya Ahsan,Srijit Mukherjee,2.5,5.7,"1,803,269",28,8.5,>750,Hit
baishesrabon,0.15,Bengali,140,8.1,Live Action,"Action, Crime, Drama",0,1,1,0,1,0,0,0,1,0,1,0,1,0,Parambrata Chatterjee,Raima Sen,Srijit Mukherjee,1.45,3.3,"666,875",6.5,8.5,>1000,Superhit
chhichhore,,Hindi,143,8.3,Live Action,"Comedy, Drama, Romance, Slice-of-life",1,1,1,1,1,1,1,1,1,1,1,0,0,0,Sushant Singh Rajput,Shraddha Kapoor,Nitesh Tiwari,50.0,215.41,"51,135,335",803,9.1,>2000,Superhit
brahmastrapartoneshiva,0.55,Hindi,166,5.6,Live Action,"Fantasy, romance, mythology ",1,1,1,1,1,1,1,1,1,0,0,0,1,1,Ranbir Kapoor,Alia Bhatt,Ayan Mukerji,400.0,431.0,"31,141,305",825,9.1,>4000,Average
bhoolbhulaiyaa,0.25,Hindi,154,7.4,Live Action,"Comedy, Horror, Mystery",1,1,1,0,1,1,1,1,1,0,1,1,1,0,Akshay Kumar,Vidya Balan,Priyadarshan,32.0,82.35,"4,225,784",93,9.1,>1000,Hit
bhoolbhulaiyaa2,,Hindi,145,5.7,Live Action,"Comedy, Horror, Mystery",1,1,1,0,1,1,1,1,1,0,1,1,1,0,Kartik Aaryan,Kiara Advani,Anees Bazmee,70.0,266.88,"82,303,827",1800,8.5,>3000,Blockbuster
dwitiyopurush,0.25,Bengali,128,6.1,Live Action,"Drama, Mystery, Thriller",0,1,1,0,1,0,0,0,1,0,1,0,1,0,Parambrata Chatterjee,Raima Sen,Srijit Mukherjee,1.5,5.0,"1,728,208",38,8.1,>1000,Average
kornosubornerguptodhan,,Bengali,128,6.0,Live Action,"Adventure, Mystery, Thriller",0,1,1,0,0,0,0,0,1,0,1,0,1,0,"Abir Chatterjee, Arjun Chakraborty",Ishaa Saha,Dhrubo Banerjee,1.5,9.4,"2,628,639",48,9.1,>1000,Superhit
3idiots,0.35,Hindi,171,8.4,Live Action,"Comedy, Drama, Slice-of-life",0,1,1,0,0,0,1,1,0,0,1,0,0,0,Aamir Khan,Kareena Kapoor,Rajkumar Hirani,55.0,400.61,"82,303,827",1800,9.1,>1500,Blockbuster
themartian,0.25,English,141,8.0,Live Action,"Adventure,Drama,Sci-Fi",1,1,1,1,0,0,0,0,1,0,1,0,0,1,Matt Damon,Jessica Chastain,Ridley Scott,108.0,653.6,"20,302,877",95,8.2,>10000,Blockbuster
thedavincicode,0.3333333333333333,English,149,6.6,Live Action,"Mystery, Thriller",0,1,1,1,1,0,0,0,1,0,0,0,1,1,Tom Hanks,Audrey Tautou,Ron Howard,125.0,767.0,"1,663,534",58,7.9,>10000,Superhit
angelsdemons,0.35,English,138,6.7,Live Action,"Mystery, Thriller",0,1,1,1,1,0,0,0,1,0,0,0,1,1,Tom Hanks,Ayelet Zurer,Ron Howard,150.0,490.87,"1,663,534",62,8.1,>10000,Hit
inferno,0.05,English,121,6.2,Live Action,"Mystery, Thriller",0,1,1,1,1,0,0,0,1,0,0,0,1,0,Tom Hanks,Felicity Jones,Ron Howard,75.0,219.52,"13,831,264",39,7.9,>10000,Hit
sherlockholmes,0.5,English,129,7.6,Live Action,"Action,Adventure,Crime",0,0,1,1,1,1,1,0,1,0,1,0,1,0,Robert Downey Jr.,Rachel McAdams,Guy Ritchie,90.0,498.44,"681,076",2.5,8.2,>7500,Superhit
sherlockholmesagameofshadows,,English,129,7.4,Live Action,"Action,Adventure,Crime",0,0,1,1,1,1,1,0,1,0,1,0,1,0,Robert Downey Jr.,Noomi Rapace,Guy Ritchie,125.0,535.66,"467,937",2.3,8.2,>7500,Superhit
begumjaan,0.15,Hindi,127,5.6,Live Action,"Drama, History",0,1,0,0,0,0,0,0,0,0,0,0,0,0,Naseeruddin Shah,Vidya Balan,Srijit Mukherjee,19.0,30.61,"37,527,718",172,8.2,>1000,Flop
thevow,0.15,English,104,6.8,Live Action,"Romance, drama",0,1,1,0,0,0,0,1,0,0,0,0,0,0,Channing Tatum,Rachel McAdams,Michael Sucsy,30.0,197.61,"61,00,000",34,8.0,>1000,Hit
thenotebook,0.25,English,124,7.8,Live Action,"Romance, drama",0,1,1,0,0,0,1,1,0,0,1,0,0,0,"Ryan Gosling, James Garner ",Rachel McAdams,Nick Cassavetes,29.0,115.94,"904,820",6.8,8.0,>1000,Hit
awalktoremember,0.5,English,102,7.3,Live Action,"Romance, drama",0,1,1,0,0,0,1,1,0,0,1,0,0,0,Shane West,Mandy Moore,Adam Shankman,11.8,46.06,"33,00,000",19,9.0,>1000,Average
thelastsong,,English,107,6.0,Live Action,"Romance, drama",0,1,1,0,0,0,1,1,0,0,1,0,0,0,Liam Hemsworth,Miley Cyrus,Julie Anne Robinson,20.0,92.67,"232,199",1.4,10.0,>1000,Hit
thebestofme,0.0,English,118,6.6,Live Action,"Romance, drama",0,1,1,0,0,0,1,1,0,0,1,0,0,0,James Marsden,Michelle Monaghan,Michael Hoffman,26.0,41.06,"7,750,399",21,8.0,>1000,Average
safehaven,0.35,English,115,6.6,Live Action,"Romance, drama",0,1,1,0,0,0,1,1,0,0,1,0,0,0,Josh Duhamel,Julianne Hough,Lasse Hallström,28.0,94.05,"5,666,100",18,8.0,>1000,Average
lifeasweknowit,0.2,English,115,6.5,Live Action,"Romance, comedy",0,1,1,0,0,0,1,1,0,0,1,0,0,0,Josh Duhamel,Katherine Heigl,Greg Berlanti,38.0,105.88,"2,152,012",15,7.5,>1000,Hit
dearjohn,0.25,English,108,6.3,Live Action,"Romance, drama",0,1,1,0,0,0,1,1,0,0,1,0,0,0,Channing Tatum,Amanda Seyfried,Lasse Hallström,25.0,142.03,"13,488,231",51,8.0,>1000,Superhit
mammamia,0.25,English,109,6.5,Live Action,"Romance, musical",1,1,1,1,0,1,1,1,0,1,1,0,1,1,"Pierce Brosnan, Colin Firth, Stellan Skarsgård","Meryl Streep, Amanda Seyfried ",Phyllida Lloyd,52.0,589.71,"1,149,710",1.1,10.0,>1000,Blockbuster
intime,0.35,English,109,6.7,Live Action,"Sci-fi, action",1,1,1,1,1,1,0,1,1,0,1,1,1,1,Justin Timberlake,Amanda Seyfried,Andrew Niccol,40.0,165.1,"1,326,678",5.9,6.7,>1000,Superhit
jennifersbody,0.3333333333333333,English,102,5.4,Live Action,"Horror, comedy",1,1,1,1,1,1,0,0,1,1,1,1,1,1,,"Amanda Seyfried, Megan Fox",Karyn Kusama,16.0,31.94,"3,515,736",21,5.0,>1000,Average
lucy,0.3,English,90,6.4,Live Action,"Sci-fi, action",1,1,1,1,1,1,0,0,1,1,1,1,1,1,,Scarlett Johansson,Luc Besson,40.0,457.51,"44,357,212",180,8.0,>1000,Superhit
777charlie,,Other Regional,164,8.8,Live Action,"Adventure, Comedy, Drama",0,0,1,1,0,0,1,1,0,0,0,0,0,0,Rakshit Shetty,Sangeetha Sringeri,Kiranraj K,20.0,105.0,"9,121,875",134,8.0,>2000,Superhit
rocketrythenambieffect,0.35,Other Regional,157,8.8,Live Action,"Biography, Drama",1,1,1,0,0,1,1,1,1,0,0,0,1,1,R Madhavan,Simran,Madhavan,55.0,45.25,"15,923,686",646,6.0,>500,Flop
sitaramam,,Other Regional,163,8.6,Live Action,"Action, Drama, Mystery",0,1,1,0,0,0,1,1,1,0,0,0,0,0,Dulquer Salmaan,Mrunal Thakur,Hanu Raghavapudi,30.0,94.28,"3,309,900",94,7.5,>1000,Blockbuster
jersey,,Hindi,170,7.3,Live Action,"Drama, Sport",0,1,1,0,0,1,0,1,1,0,0,0,0,0,Sahid Kapoor,Mrunal Thakur,Gowtam Tinnanuri,80.0,27.9,"68,325,590",1100,7.1,>2000,Disaster
kaithi,0.2,Other Regional,146,8.4,Live Action,"Action, Adventure, Crime",0,1,1,0,0,1,0,0,1,0,0,0,1,0,Karthi,Baby Monica,Lokesh Kanagaraj,25.0,105.0,"16,349,443",150,7.6,>1000,Hit
chaarsahibzaade2riseofbandasinghbahadur,0.45,Other Regional,134,8.5,Animated,"History, Drama",0,1,1,0,0,1,0,0,1,0,0,0,1,0,Om Puri,,Harry Baweja,20.0,60.0,"2,849,251",22,6.9,>750,Average
avengersendgame,0.15,English,181,8.4,Live Action,"Action, Adventure, Drama",1,1,1,0,1,1,0,0,0,0,1,0,0,0,Robert Downey Jr.,Scarlett Johansson,Russo Brothers,400.0,2794.73,"155,568,297",3800,9.2,>20000,Blockbuster
avengersinfinitywar,0.35,English,149,8.4,Live Action,"Action, Adventure, Drama",1,1,1,0,1,1,0,0,0,0,1,0,0,0,Robert Downey Jr.,Scarlett Johansson,Russo Brothers,400.0,2048.36,"259,269,459",4100,9.0,>20000,Blockbuster
djangounchained,0.4,English,165,8.4,Live Action,Drama,1,1,1,1,1,1,0,0,1,0,1,0,1,1,Jamie Foxx,,Quentin Tarantino,100.0,449.86,"1,359,979",10,7.5,>5000,Superhit
nationaltheatrelivecoriolanus,,English,123,8.5,Live Action,"Drama, History, War",0,1,1,1,0,1,0,0,0,0,0,0,0,0,Tom Hiddleston,Jessica Chastain,Josie Rourke,2.4,7.7,"1,803,688",3.8,6.5,>5000,Hit
sardarudham,,Hindi,162,8.4,Live Action,"Biography, Drama, Crime",0,1,1,0,0,0,0,0,1,0,0,0,1,0,Vicky Kaushal,,Shoojit Sircar,30.0,84.5,"39,696,971",345,7.2,-,Hit
asuran,,Other Regional,140,8.4,Live Action,"Action, Drama",0,1,1,0,1,1,0,0,1,0,0,1,1,0,Dhanush,,Vetrimaaran,32.0,67.0,"14,716,917",419,7.1,>1000,Superhit
dilbechara,,Hindi,101,8.4,Live Action,"Comedy, Drama, Romance",0,1,1,0,0,0,1,1,0,0,1,0,0,0,Sushant Singh Rajput,Sanjana Sanghi,Mukesh Chhabra,30.0,90.0,"96,487,445",10000,8.0,-,Superhit
mahanati,0.15,Other Regional,169,8.4,Live Action,"Biography, Drama",0,1,1,0,0,0,1,1,1,0,1,0,0,0,Dulquer Salmaan,Keerthu Suresh,Nag Ashwin,25.0,83.0,"10,430,584",99,6.9,>750,Blockbuster
joker,0.15,English,122,8.4,Live Action,"Crime, Drama, Thriller",1,1,1,1,1,1,0,0,1,0,1,1,1,1,Joaquin Phoenix,Zazie Beetz,Todd Phillips,70.0,1066.21,"100,012,933",100000,8.1,>10000,Blockbuster
vikram,,Other Regional,174,8.3,Live Action,"Action, Crime, Thriller",0,1,1,0,0,0,0,0,0,0,0,0,0,0,Kamal Haasan,,Lokesh Kanagaraj,120.0,500.0,"45,606,960",1300,7.6,>2000,Blockbuster
dangal,0.3,Hindi,161,8.3,Live Action,"Action, Biography, Drama",1,1,1,1,0,1,1,0,0,0,1,0,1,0,Aamir Khan,Fatima Sana Shaikh,Nitesh Tiiwari,70.0,2200.0,"71,962,950",417,7.3,>4000,Blockbuster
lokmanyaekyugpurush,,Other Regional,139,8.3,Live Action,"History, Drama",0,1,1,0,0,0,1,0,0,0,0,0,0,0,Subodh Bhave,Priya Bapat,Om Raut,7.0,13.0,"533,164",9.1,7.6,>750,Average
kantara,,Other Regional,150,8.3,Live Action,"Action, Adventure, Drama",0,0,1,0,0,0,0,0,0,0,0,0,0,0,Rishab Shetty,Sapthami Gowda,Rishab Shetty,16.0,450.0,"4,303,718",165,8.1,>1000,Blockbuster
shershaah,,Hindi,135,8.3,Live Action,"Action, Romance",0,1,1,1,0,1,0,0,0,0,0,0,0,0,Sidharth Malhotra,Kiara Advani,Vishnuvardhan,50.0,100.0,"59,969,798",963,9.0,-,Superhit
drishyam2,,Hindi,140,8.2,Live Action,"Crime,Drama,Mystery,Thriller",0,1,1,0,1,0,0,0,1,0,0,1,1,0,Ajay Devgan,Shriya Saran,Abhishek Pathak,50.0,345.05,"1,88,29,894",410,8.0,>3000,Hit
gangsofwasseypur,0.5,Hindi,160,8.2,Live Action,"Action, Comedy, Crime",0,1,1,1,1,1,0,0,1,0,0,1,1,0,Manoj Bajpayee,Huma Qureshi,Anurag Kashayp,18.4,33.9,"1,749,291",17,7.9,>1000,Flop
bhaagmilkhabhaag,0.3,Hindi,186,8.2,Live Action,"Biography, Drama, Sport",1,1,1,1,0,1,1,0,1,1,1,0,1,0,Farhan Akhtar,Divya Dutta,Rakeysh Omprakash Mehra,53.0,168.0,"3,218,564",10,8.1,>1500,Superhit
paansinghtomar,0.25,Hindi,135,8.2,Live Action,"Action, Biography, Drama",1,1,1,1,0,1,1,0,1,0,1,0,1,0,Irrfan Khan,Mahie Gill,Tigmanshu Dhulia,4.5,38.4,"906,046",8.3,8.1,>200,Average
shahid,0.45,Hindi,123,8.2,Live Action,"Biography, Drama",0,1,1,0,1,1,0,0,1,0,1,0,1,0,Rajkumar Rao,Prabhleen Sandhu,Hansal Mehta,6.5,2.92,"216,629",1.7,6.9,>300,Flop
thewolfofwallstreet,0.4,English,180,8.2,Live Action,"Biography, Crime, Drama",0,1,1,1,1,1,0,0,1,0,1,0,1,0,Leonardo DiCaprio,Margot Robbie,Martin Scorsese,100.0,392.0,"137,083,279",106,8.6,">3,400",Blockbuster
spidermannowayhome,0.3,English,148,8.4,Live Action,"Action, Adventure, Fantasy",1,0,1,1,0,1,1,0,0,0,0,0,0,1,Tom Holland,Zendaya,Jon Watts,200.0,1941.0,"375,870,664",182,7.8,">4,336",Blockbuster
drishyam,0.25,Hindi,163,8.2,Live Action,"Crime, Drama, Mystery",0,1,1,0,1,0,0,0,1,0,0,1,1,0,Ajay Devgn,Shriya Saran,Nishikant Kamat,5.0,9.0,"3,712,486",62,8.2,">2,000 ",Superhit
ramaramare,0.45,Other Regional,100,8.1,Live Action,"Drama, Road Movie",0,1,1,0,0,0,0,0,1,0,1,0,0,0,"K. Jayaram, Nataraj U/A",Bimbashree  Ninasam,D. Sathyaprakash,0.75,1.055,2511.00,13.00,7.5,>50,Average
thefather,0.5714285714285714,English,97,8.3,Live Action,Drama,0,1,1,0,0,0,0,0,1,0,0,0,1,0,Anthony Hopkins,Olivia Colman,Florian Zeller,20.0,46.0,"3,921,804",59,7.4,">2,000",Superhit
vikramvedha,0.25,Other Regional,147,8.6,Live Action,"Action, Crime, Drama",0,1,1,0,0,0,0,0,0,0,0,0,1,0,Madhavan,Vijay Sethupathi,Pushkar-Gayathri,11.0,41.2,"29,645,874",424,8.2,">1,000",Superhit
greenbook,0.25,English,130,8.2,Live Action,"Biography, Comedy, Drama",0,1,1,0,1,0,0,0,1,0,0,0,1,0,Viggo Mortensen,Mahershala Ali,Peter Farrelly,23.0,322.1,"9,815,187",96,8.0,">2,641",Hit
andhadhun,0.4,Hindi,139,8.3,Live Action,"Crime, Thriller, Comedy",1,1,1,0,1,0,0,0,1,0,1,0,1,1,Ayushmann Khurrana,Radhika Apte,Sriram Raghavan,3.3,50.0,"12,624,246",110,8.0,">1,500 ",Superhit
1917,0.55,English,119,8.3,Live Action,"War, Drama",1,1,1,1,1,0,0,0,1,0,1,0,1,0,George MacKay,Dean-Charles Chapman,Sam Mendes,90.0,374.7,"32,615,238",320,8.5,">3,434",Hit
nilbatteysannata,0.3333333333333333,Hindi,100,8.5,Live Action,"Drama, Family, Comedy",0,1,0,1,0,0,1,1,1,0,1,0,0,0,Swara Bhaskar,Ratna Pathak Shah,Ashwiny Iyer Tiwari,3.5,13.9,"1,250,225",300,7.9,>500,Average
major,,Other Regional,135,8.5,Live Action,"Biography, Drama, Sport",0,1,1,0,0,1,1,1,0,0,0,0,1,0,Adivi Sesh,Sobhita Dhulipala,Sashi Kiran Tikka,7.0,15.0,"1,204,535",727,8.5,">1,000",Hit
montevideovidimose,0.0,Other Regional,141,8.0,Live Action,"Comedy, Drama, Sport",0,0,1,1,0,0,0,1,0,0,1,0,0,0,Milorad Mandic,,Dragan Bjelogrlic,5.0,13.5,6456827.00,257,7.6,>300,Average
logan,0.35,English,137,8.1,Live Action,"Action, Drama, Sci-Fi",0,1,1,0,1,1,0,0,0,0,0,0,1,1,Hugh Jackman,Patrick Stewart,James Mangold,97.0,619.0,"19,260,316",382,7.8,">4,000",Superhit
barfi,0.4,Hindi,151,8.1,Live Action,"Comedy, Drama, Romance",0,1,1,1,0,0,1,1,1,0,1,0,0,0,Ranbir Kapoor,Priyanka Chopra,Anurag Basu,30.0,41.0,"14,398,176",700,7.2,">1,000",Hit
queen,0.4545454545454545,Hindi,146,8.2,Live Action,"Adventure, Comedy, Drama",0,1,1,0,0,0,1,1,0,0,1,0,0,0,Kangana Ranaut,Rajkummar Rao,Vikas Bahl,13.5,21.6,"13,579,428",895,6.8,">1,000",Superhit
prisoners,0.35,English,153,8.1,Live Action,"Crime, Drama, Mystery",0,1,1,0,1,1,0,0,0,0,0,0,1,0,Hugh Jackman,Jake Gyllenhaal,Denis Villeneuve,46.0,122.1,"33,645,332","3,290",8.4,">3,000",Hit
12yearsaslave,0.6,English,134,8.1,Live Action,"Biography, Drama, History",0,1,1,0,1,0,0,0,1,0,0,0,1,0,Chiwetel Ejiofor,Michael Kenneth Williams,Steve McQueen,22.0,187.7,"24,863,829","1,411",7.5,">1,000",Superhit
spotlight,0.55,English,129,8.1,Live Action,"Biography, Crime, Drama",0,1,1,0,1,0,0,0,1,0,0,0,1,0,Mark Ruffalo,Michael Keaton,Tom McCarthy,20.0,98.3,"13,246,161","1,089",7.7,">1,000",Hit
misssaigon,0.55,English,150,7.8,Live Action,"Musical, Drama, Romance",0,0,1,0,0,0,0,1,1,0,0,0,0,0,David Lead-Actor,Emma Lead-Actress,Sarah Director,45.0,80.0,"4,500,000",120,8.0,900,Average
thegrandbudapesthotel,0.45,English,100,8.1,Live Action,"Adventure, Comedy, Crime",1,1,1,0,0,0,0,1,0,0,1,0,0,0,Ralph Fiennes,Tony Revolori,Wes Anderson,25.0,172.9,"25,984,557","1,467",8.0,">1,000",Hit
article15,,Hindi,130,8.2,Live Action,"Crime, Drama, Thriller",0,1,1,1,1,0,0,0,1,0,0,0,1,0,Ayushmann Khurrana,Isha Talwar,Anubhav Sinha,28.0,94.8,"14,142,090","1,250",6.7,">1,000",Hit
section375,0.2,Hindi,124,8.1,Live Action,"Crime, Drama, Thriller",0,1,1,0,1,1,0,0,1,0,0,0,1,0,Akshaye Khanna,Richa Chadha,Anubhav Sinha,32.0,45.0,"7,546,938",996,6.7,">1,000",Average
fordvferrari,0.35,English,152,8.1,Live Action,"Action, Biography, Drama",0,1,1,0,1,1,0,0,1,0,0,0,0,0,Matt Damon,Christian Bale,James Mangold,97.6,225.5,"15,343,000","3,528",8.3,">3,000",Superhit
gonegirl,0.5,English,149,8.1,Live Action,"Drama, Mystery, Thriller",0,1,1,1,1,1,0,0,0,0,0,0,1,0,Ben Affleck,Rosamund Pike,David Fincher,61.0,369.3,21487510.00,"3,335",8.5,">3,000",Superhit
madmaxfuryroad,0.15,English,120,8.1,Live Action,"Action, Adventure, Sci-Fi",0,1,1,0,1,1,0,0,1,0,0,0,1,1,Tom Hardy,Charlize Theron,George Miller,150.0,374.7,"17,547,223","3,700",8.5,">3,000",Superhit
hacksawridge,0.55,English,139,8.1,Live Action,"Biography, Drama, History",0,1,1,1,1,1,0,0,1,0,0,0,1,0,Andrew Garfield,Sam Worthington,Mel Gibson,40.0,175.3,"14,692,192","2,967",8.1,">2,500",Superhit
threebillboardsoutsideebbingmissouri,0.5,English,115,8.1,Live Action,"Crime, Drama, Mystery",0,1,1,1,1,0,0,0,1,0,0,0,1,0,Frances McDormand,Woody Harrelson,Martin McDonagh,15.0,160.2,"18,059,147","1,578",8.3,">1,500",Hit
bajrangibhaijaan,,Hindi,163,8.0,Live Action,"Action, Adventure, Comedy",0,1,1,0,0,1,1,1,1,0,1,0,0,0,Salman Khan,Kareena Kapoor Khan,Kabir Khan,67.0,597.5,"7,225,000","4,700",7.5,">3,000",Blockbuster
mommy,0.5,Other Regional,139,8.1,Live Action,Drama,0,1,1,1,0,0,0,0,0,0,1,0,1,0,Anne Dorval,Antoine-Olivier Pilon,Xavier Dolan,5.1,10.4,"11,704",10,8.0,">1,000",Hit
shipoftheseus,0.25,Hindi,143,8.0,Live Action,"Drama, Mystery, Sci-Fi",0,1,1,0,0,0,0,1,1,0,1,0,0,1,Sohum Shah,Aida El-Kashef,Anand Gandhi,2.0,4.0,"46,789",10,6.2,>500,Average
special26,0.25,Hindi,144,8.0,Live Action,"Crime, Drama, Thriller",0,1,1,0,0,0,0,1,1,0,1,0,1,0,Akshay Kumar,Kajal Agarwal,Neeraj Pandey,42.0,131.0,"7,012,889","1,750",7.5,">1,000",Hit
kaksparsh,,Other Regional,145,8.0,Live Action,Drama,0,1,1,0,1,0,0,0,1,0,1,0,0,0,Sachin Khedekar,Priya Bapat,Mahesh Manjrekar,5.0,3.4,"389,000",7,7.1,>500,Superhit
her,0.35,English,126,8.0,Live Action,"Drama, Romance, Sci-Fi",0,1,1,0,0,0,0,1,0,0,1,0,0,1,Joaquin Phoenix,Scarlett Johansson,Spike Jonze,23.0,47.4,"12,476,144","1,729",8.1,">1,500",Superhit
songofthesea,0.55,English,93,8.1,Animated,"Animation, Adventure, Family",1,1,1,1,0,0,1,1,1,0,1,0,0,0,David Rawle,Brendan Gleeson,Tomm Moore,10.0,9.9,"1,935,670",171,8.0,>500,Average
theimitationgame,0.55,English,113,8.0,Live Action,"Biography, Drama, Thriller",0,1,0,0,0,0,0,0,1,0,0,0,0,0,Benedict Cumberbatch,Kiera Knightley,Morten Tyldum,14.0,233.6,"16,328,722","1,566",7.8,">1,500",Blockbuster
lion,0.3,English,118,8.0,Live Action,"Biography, Drama",0,1,0,1,0,0,1,0,0,0,0,0,0,0,Dev Patel,Rooney Mara,Garth Davis,12.0,140.3,"16,392,227","1,056",8.0,">1,000",Blockbuster
guardiansofthegalaxy,0.1818181818181818,English,121,8.0,Live Action,"Action, Adventure, Comedy",1,0,0,1,0,1,0,0,0,0,1,0,0,0,Chris Pratt,Zoe Saldana,James Gunn,170.0,773.3,"33,120,963","4,080",8.4,">3,000",Blockbuster
lalaland,0.3,English,128,8.0,Live Action,"Comedy, Drama, Music",0,1,1,0,0,0,0,0,0,0,1,0,0,0,Ryan Gosling,Emma Stone,Damien Chazelle,30.0,445.3,"29,475,474","1,870",8.5,">1,500",Blockbuster
mukkabaaz,0.3333333333333333,Hindi,145,8.0,Live Action,"Drama, Sport",0,1,0,0,0,0,0,0,0,1,0,0,0,0,Vineet Kumar Singh,Zoya Hussain,Anurag Kashyap,6.0,10.1,"6,489,635",600,7.0,">1,000",Hit
bladerunner2049,0.2,English,164,8.0,Live Action,"Action, Drama, Mystery",0,1,0,0,0,1,0,0,1,0,0,0,0,0,Ryan Gosling,Harrison Ford,Denis Villeneuve,150.0,259.3,"23,908,527","3,850",8.0,">3,000",Blockbuster
deadpool,0.5,English,108,8.0,Live Action,"Action, Adventure, Comedy",0,1,0,1,0,1,0,0,0,0,1,0,0,0,Ryan Reynolds,Morena Baccarin,Tim Miller,58.0,782.6,"24,146,036","3,558",8.5,">3,000",Blockbuster
therevenant,0.35,English,156,8.0,Live Action,"Action, Adventure, Biography",0,0,0,1,0,1,0,0,0,0,0,0,0,0,Leonardo DiCaprio,Tom Hardy,Alejandro González Iñárritu,135.0,533.0,"32,524,012","3,711",7.6,">3,000",Blockbuster
whokilledcaptainalex,0.2,English,68,7.6,Live Action,"Action, Comedy, Crime",0,0,0,0,0,1,0,0,0,0,1,0,1,0,Lydia Draru,Paulo Bwoya,Nabwana I.G.G.,5.0,78.9,"1,232,566",22,6.5,>1000,Disaster
thorragnarok,0.3,English,130,7.9,Animated,"Action, Adventure, Comedy",0,0,0,1,0,1,0,0,0,0,1,0,0,0,Chris Hemsworth,Tom Hiddleston,Taika Waititi,180.0,854.02,"105,156,279",4088,7.5,>3000,Blockbuster
serbuanmaut2berandal,0.2142857142857142,Other Regional,150,8.0,Live Action,"Action, Crime, Thriller",0,0,0,0,1,1,0,0,0,0,0,0,1,0,Iko Uwais,Yayan Ruhian,Gareth Evans,4.5,6.57,"20,825,407",114,8.1,>3000,Hit
xmendaysoffuturepast,0.25,English,131,8.0,Live Action,"Action, Adventure, Sci-Fi",0,0,0,1,0,1,0,0,0,0,0,0,0,1,Patrick Stewart,James McAvoy,Bryan Singer,200.0,747.9,"50,471,115","3,996",7.9,">3,000",Blockbuster
lifeofpi,0.4,English,127,7.9,Live Action,"Adventure, Drama, Fantasy",1,1,0,1,0,0,0,0,0,0,0,0,0,0,Suraj Sharma,Irrfan Khan,Ang Lee,120.0,609.0,"34,057,966","2,927",7.8,">2,000",Blockbuster
ugly,0.35,Hindi,127,8.1,Live Action,"Crime, Drama, Mystery",0,1,0,0,0,0,0,0,1,0,0,0,1,0,Ronit Roy,Tejaswini Kolhapure,Anurag Kashyap,4.0,27.9,"1,327,186",18,7.9,>1000,Hit
ankhondekhi,0.45,Hindi,107,8.0,Live Action,"Drama, Comedy, Slice of Life",0,1,0,0,0,0,1,0,0,0,1,0,0,0,Sanjay Mishra,Rajat Kapoor,Rajat Kapoor,0.24,1.2,"812,004",137,7.5,>200,Average
vishwaroopam,,Other Regional,148,8.4,Live Action,"Action, Thriller, Espionage",0,0,0,0,1,1,0,0,0,0,0,0,0,0,Kamal Haasan,Pooja Kumar,Kamal Haasan,11.4,24.0,"3,244,903",517,8.2,>1000,Blockbuster
theperksofbeingawallflower,0.4,English,103,8.0,Live Action,"Drama, Romance, Coming-of-Age",0,1,0,0,0,0,0,1,0,0,0,0,0,0,Logan Lerman,Emma Watson,Stephen Chbosky,13.0,33.39,"26,832,292",746,7.8,>500,Hit
dallasbuyersclub,0.3,English,117,8.0,Live Action,"Biography, Drama, History",0,1,0,0,0,0,0,0,0,0,0,0,0,0,Matthew McConaughey,Jennifer Garner,Jean-Marc Vallée,5.0,55.77,"7,933,866",48,8.0,>500,Hit
beforemidnight,0.1,English,109,7.9,Live Action,"Drama,Romance",0,1,0,0,0,0,0,1,0,0,0,0,0,0,Ethan Hawke,Julie Delpy,Richard Linklater,3.0,8.11,1636743.00,3.00,8.1,">1,000",Average
shortterm12,0.45,English,96,8.0,Live Action,"Drama, Music",0,1,1,0,0,0,0,0,0,0,0,0,0,0,Brie Larson,John Gallagher Jr.,Destin Daniel Cretton,1.0,2.97,"4,059,758",75,8.0,>500,Hit
baby,0.3,Hindi,159,8.0,Live Action,"Action, Thriller",0,0,0,0,1,1,0,0,0,0,0,0,0,0,Akshay Kumar,Taapsee Pannu,Neeraj Pandey,25.0,151.0,"13,970,122",820,8.0,>2000,Blockbuster
singstreet,0.5,English,106,8.0,Live Action,"Comedy, Drama, Music",0,1,1,0,0,0,0,0,0,0,1,0,0,0,Ferdia Walsh-Peelo,Lucy Boynton,John Carney,4.0,14.8,"802,492",136,7.8,>1000,Hit
avatar,0.55,English,162,7.8,Live Action,"Action, Adventure, Fantasy",1,0,0,1,0,1,0,0,0,0,0,0,0,0,Sam Worthington,Zoe Saldana,James Cameron,237.0,2797.8,"12,879,427","4,416",7.5,">4,000",Blockbuster
piratesofthecaribbeanatworldsend,,English,169,7.1,Live Action,"Action, Adventure, Fantasy",1,0,0,1,0,1,0,0,0,0,0,0,0,0,Johnny Depp,Keira Knightley,Gore Verbinski,300.0,963.4,"58,475,498","4,362",7.5,">4,000",Blockbuster
spectre,0.3,English,148,6.8,Live Action,"Action, Adventure, Thriller",0,0,0,1,1,1,0,0,0,0,0,0,0,0,Daniel Craig,Lea Seydoux,Sam Mendes,245.0,880.7,"51,984,818","3,972",6.5,">4,000",Blockbuster
thedarkknightrises,0.4,English,165,8.4,Live Action,"Action, Adventure, Crime",0,0,0,1,0,1,0,0,0,0,0,0,1,0,Christian Bale,Anne Hathaway,Christopher Nolan,250.0,1081.03,"55,550,594",5600,8.7,>20000,Blockbuster
johncarter,0.6,English,132,6.6,Live Action,"Action, Adventure, Sci-Fi",0,0,0,1,0,1,0,0,0,0,0,0,0,1,Taylor Kitsch,Lynn Collins,Andrew Stanton,263.7,284.14,"59,542,958",3800,6.7,>1500,Average
spiderman3,0.2,English,139,6.2,Live Action,"Action, Adventure, Sci-Fi",0,0,0,1,0,1,0,0,0,0,0,0,0,1,Tobey Maguire,Kirsten Dunst,Sam Raimi,258.0,890.87,"44,666,711",4200,7.4,>5000,Blockbuster
tangled,,English,100,7.7,Animated,"Animation, Adventure, Comedy",0,0,0,1,0,0,0,0,0,0,1,0,0,1,Mandy Moore,Zachary Levi,"Nathan Greno, Byron Howard",260.0,592.46,"65,890,491",3600,7.1,>1000,Blockbuster
avengersageofultron,0.3,English,141,7.3,Live Action,"Action, Adventure, Sci-Fi",0,0,0,1,0,1,0,0,0,0,0,0,0,1,Robert Downey Jr.,Chris Evans,Joss Whedon,250.0,1405.4,"85,406,755",4276,7.6,>10000,Blockbuster
harrypotterandthehalfbloodprince,0.0,English,153,7.6,Live Action,"Adventure, Family, Fantasy",1,0,0,1,0,0,1,0,0,0,0,0,0,0,Daniel Radcliffe,Emma Watson,David Yates,250.0,934.48,"103,247,131",4325,7.2,>5000,Blockbuster
batmanvsupermandawnofjustice,0.35,English,151,6.4,Live Action,"Action, Adventure, Sci-Fi",0,0,0,1,0,1,0,0,0,0,0,0,0,1,Ben Affleck,Henry Cavill,Zack Snyder,250.0,873.63,"98,781,584",4247,7.5,>5000,Blockbuster
supermanreturns,0.45,English,154,6.0,Live Action,"Action, Sci-Fi",0,0,0,0,0,1,0,0,0,0,0,0,0,1,Brandon Routh,Kate Bosworth,Bryan Singer,270.0,391.08,"56,732,452",4065,7.8,>1000,Blockbuster
quantumofsolace,0.4,English,106,6.6,Live Action,"Action, Adventure, Thriller",0,0,0,1,1,1,0,0,0,0,0,0,0,0,Daniel Craig,Olga Kurylenko,Marc Forster,200.0,586.09,"25,004,927",4238,6.2,>5000,Blockbuster
piratesofthecaribbeandeadmanschest,,English,151,7.3,Live Action,"Action, Adventure, Fantasy",1,0,0,1,0,1,0,0,0,0,0,0,0,0,Johnny Depp,Keira Knightley,Gore Verbinski,225.0,1066.18,"49,431,889",4252,8.0,>5000,Blockbuster
theloneranger,0.45,English,149,6.4,Live Action,"Action, Adventure, Western",0,0,0,1,0,1,0,0,0,0,0,0,0,0,Johnny Depp,Armie Hammer,Gore Verbinski,225.0,260.51,"42,061,546",3952,7.0,">3,400",Average
manofsteel,0.35,English,143,7.0,Live Action,"Action, Adventure, Sci-Fi",0,0,0,1,0,1,0,0,0,0,0,0,0,1,Henry Cavill,Amy Adams,Zack Snyder,225.0,668.05,"74,493,329",4207,6.8,">4,336",Average
thechroniclesofnarniaprincecaspian,0.5,English,150,6.5,Live Action,"Action, Adventure, Family",0,0,0,1,0,1,1,0,0,0,0,0,0,0,Georgie Henley,William Moseley,Andrew Adamson,225.0,419.66,"38,980,321",3998,6.6,">2,000 ",Average
theavengers,0.25,English,143,8.0,Live Action,"Action, Adventure, Sci-Fi",0,0,0,1,0,1,0,0,0,0,0,0,0,1,Robert Downey Jr.,Scarlett Johansson,Joss Whedon,220.0,1519.56,"108,096,770",4349,7.7,>50,Blockbuster
piratesofthecaribbeanonstrangertides,0.45,English,136,6.6,Live Action,"Action, Adventure, Fantasy",1,0,0,1,0,1,0,0,0,0,0,0,0,0,Johnny Depp,Penelope Cruz,Rob Marshall,250.0,1045.71,"74,738,505",4155,6.6,">2,000",Blockbuster
meninblack3,0.55,English,106,6.8,Live Action,"Action, Adventure, Comedy",0,0,0,1,0,1,0,0,0,0,1,0,0,0,Will Smith,Tommy Lee Jones,Barry Sonnenfeld,225.0,624.03,"41,715,112",4222,6.7,">1,000",Average
thehobbitthebattleofthefivearmies,0.5454545454545454,English,144,7.4,Live Action,"Adventure, Fantasy, Action",1,0,0,1,0,1,0,0,0,0,0,0,0,0,Ian McKellen,Martin Freeman,Peter Jackson,250.0,956.02,"91,023,599",3868,7.1,">2,641",Blockbuster
theamazingspiderman,0.3,English,136,6.9,Live Action,"Action, Adventure, Sci-Fi",0,0,0,1,0,1,0,0,0,0,0,0,0,1,Andrew Garfield,Emma Stone,Marc Webb,230.0,757.93,"67,788,973",4315,7.3,">1,500 ",Average
robinhood,0.3333333333333333,English,140,6.6,Live Action,"Action, Adventure, Drama",0,1,0,1,0,1,0,0,0,0,0,0,0,0,Russell Crowe,Cate Blanchett,Ridley Scott,200.0,321.67,"46,526,962",3423,6.7,">3,434",Average
thehobbitthedesolationofsmaug,0.45,English,161,7.8,Live Action,"Adventure, Fantasy, Action",1,0,0,1,0,1,0,0,0,0,0,0,0,0,Ian McKellen,Martin Freeman,Peter Jackson,250.0,956.02,"91,023,599","6,100",7.2,>500,Blockbuster
thegoldencompass,0.25,English,113,6.1,Live Action,"Adventure, Family, Fantasy",1,0,0,1,0,0,1,0,0,0,0,0,0,0,Nicole Kidman,Dakota Blue Richards,Chris Weitz,180.0,372.23,"11,198,823",306,5.9,">1,000",Blockbuster
kingkong,,English,187,7.2,Live Action,"Action, Adventure, Drama",0,1,0,1,0,1,0,0,0,0,0,0,0,0,Naomi Watts,Jack Black,Peter Jackson,207.0,550.5,"34,548,177",660,6.9,>300,Blockbuster
titanic,0.35,English,195,7.8,Live Action,"Drama, Romance",0,1,0,0,0,0,0,1,0,0,0,0,0,0,Leonardo DiCaprio,Kate Winslet,James Cameron,200.0,2195.17,"99,968,678","6,900",7.9,">4,000",Blockbuster
captainamericacivilwar,0.6,English,147,7.8,Live Action,"Action, Adventure, Sci-Fi",0,0,0,1,0,1,0,0,0,0,0,0,0,1,Chris Evans,Robert Downey Jr.,"Anthony Russo, Joe Russo",250.0,1153.3,"61,849,296","5,060",7.6,">1,000",Blockbuster
battleship,0.2,English,131,5.8,Live Action,"Action, Adventure, Sci-Fi",0,0,0,1,0,1,0,0,0,0,0,0,0,1,Taylor Kitsch,Liam Neeson,Peter Berg,209.0,313.21,"20,066,749","4,573",5.8,">1,000",Flop
jurassicworld,0.35,English,124,7.0,Live Action,"Action, Adventure, Sci-Fi",0,0,0,1,0,1,0,0,0,0,0,0,0,1,Chris Pratt,Bryce Dallas Howard,Colin Trevorrow,150.0,1670.4,"44,948,711","4,274",7.0,">3,000",Blockbuster
skyfall,0.4,English,143,7.7,Live Action,"Action, Adventure, Thriller",0,0,0,1,1,1,0,0,0,0,0,0,0,0,Daniel Craig,Javier Bardem,Sam Mendes,200.0,1108.6,"18,650,795","3,955",7.7,">1,000",Blockbuster
spiderman2,0.2,English,127,7.3,Live Action,"Action, Adventure, Sci-Fi",0,0,0,1,0,1,0,0,0,0,0,0,0,1,Tobey Maguire,Kirsten Dunst,Sam Raimi,200.0,783.77,"27,424,003","4,379",7.4,">1,000",Blockbuster
ironman3,0.3,English,130,7.2,Live Action,"Action, Adventure, Sci-Fi",0,0,0,1,0,1,0,0,0,0,0,0,0,1,Robert Downey Jr.,Gwyneth Paltrow,Shane Black,200.0,1214.81,"27,368,721","4,053",7.2,900,Blockbuster
aliceinwonderland,,English,108,6.4,Live Action,"Adventure, Family, Fantasy",1,0,0,1,0,0,1,0,0,0,0,0,0,0,Johnny Depp,Mia Wasikowska,Tim Burton,200.0,1025.47,"13,561,512","2,790",6.6,">1,000",Blockbuster
xmenthelaststand,0.2,English,104,6.7,Live Action,"Action, Adventure, Sci-Fi",0,0,0,1,0,1,0,0,0,0,0,0,0,1,Hugh Jackman,Halle Berry,Brett Ratner,210.0,459.36,"15,729,769","3,375",6.6,">1,000",Blockbuster
monstersuniversity,,English,107,7.3,Animated,"Animation, Adventure, Comedy",0,0,0,1,0,0,0,0,0,0,1,0,0,0,Billy Crystal,John Goodman,Dan Scanlon,200.0,743.56,"62,652,664","3,908",7.5,">1,000",Blockbuster
transformersrevengeofthefallen,,English,150,6.0,Live Action,"Action, Adventure, Sci-Fi",0,0,0,1,0,1,0,0,0,0,0,0,0,1,Shia LaBeouf,Megan Fox,Michael Bay,200.0,836.3,"17,579,388","4,234",6.0,">3,000",Blockbuster
transformersageofextinction,0.3,English,165,5.6,Live Action,"Action, Adventure, Sci-Fi",0,0,0,1,0,1,0,0,0,0,0,0,0,1,Mark Wahlberg,Nicola Peltz,Michael Bay,210.0,1104.04,"26,658,886","4,532",5.6,">3,000",Blockbuster
ozthegreatandpowerful,0.45,English,130,6.3,Live Action,"Adventure, Family, Fantasy",1,0,0,1,0,0,1,0,0,0,0,0,0,0,James Franco,Mila Kunis,Sam Raimi,215.0,493.31,"12,950,426","4,229",6.2,">3,000",Hit
theamazingspiderman2,0.25,English,142,6.6,Live Action,"Action, Adventure, Sci-Fi",0,0,0,1,0,1,0,0,0,0,0,0,0,1,Andrew Garfield,Emma Stone,Marc Webb,255.0,709.0,"29,207,492","4,324",6.5,">2,500",Hit
tronlegacy,0.35,English,125,6.8,Live Action,"Action, Adventure, Sci-Fi",0,0,0,1,0,1,0,0,0,0,0,0,0,1,Jeff Bridges,Garrett Hedlund,Joseph Kosinski,200.0,400.06,"20,059,314","3,920",6.8,">1,500",Hit
cars2,,English,106,6.1,Animated,"Animation, Adventure, Comedy",0,0,0,1,0,0,0,0,0,0,1,0,0,0,Owen Wilson,Larry the Cable Guy,"John Lasseter, Brad Lewis",200.0,559.85,"23,564,933","3,990",6.0,">3,000",Hit
greenlantern,0.5,English,114,5.5,Live Action,"Action, Adventure, Sci-Fi",0,0,0,1,0,1,0,0,0,0,0,0,0,1,Ryan Reynolds,Blake Lively,Martin Campbell,200.0,219.85,"14,143,783","3,912",5.5,">1,000",Flop
toystory3,,English,103,8.2,Animated,"Animation, Adventure, Comedy",0,0,0,1,0,0,0,0,0,0,1,0,0,0,Tom Hanks,Tim Allen,Lee Unkrich,200.0,1067.0,"55,212,849","4,028",8.1,>500,Blockbuster
terminatorsalvation,0.45,English,115,6.5,Live Action,"Action, Sci-Fi, Thriller",0,0,0,0,1,1,0,0,0,0,0,0,0,1,Christian Bale,Bryce Dallas Howard,McG,200.0,371.35,"21,822,789",295,7.5,">1,000",Blockbuster
furious7,0.4,English,137,7.1,Live Action,"Action, Adventure, Crime, Thriller",0,0,0,1,1,1,0,0,0,0,0,0,1,0,"Vin Diesel, Paul Walker, Dwayne Johnson",,James Wan,190.0,1515.0,"645,073,114","3,720",8.9,>500,Blockbuster
worldwarz,0.3,English,116,7.0,Live Action,"Action, Adventure, Horror, Sci-Fi",0,0,0,1,0,1,0,0,0,0,0,1,0,1,"Michael Fassbender, Katherine Waterston, Billy Crudup",,Marc Forster,190.0,540.0,1211580085.00,3660.00,7.3,">1,500",Blockbuster
startrekintodarkness,0.45,English,132,7.7,Live Action,"Action, Adventure, Sci-Fi",0,0,0,1,0,1,0,0,0,0,0,0,0,1,"Chris Pine, Zachary Quinto, Zoe Saldana",,J.J. Abrams,190.0,467.37,"328,258,712","3,865",7.2,>8000,Blockbuster
jackthegiantslayer,0.3,English,114,6.2,Live Action,"Adventure, Fantasy, Family",1,0,0,1,0,0,1,0,0,0,0,0,0,0,"Nicholas Hoult, Stanley Tucci, Ewan McGregor",,Bryan Singer,195.0,197.69,194092603.00,3523.00,6.3,>8000,Blockbuster
thegreatgatsby,0.1,English,143,7.2,Live Action,"Drama, Romance, Crime",0,1,0,0,0,0,0,1,0,0,0,0,1,0,Leonardo DiCaprio,Carey Mulligan,Baz Luhrmann,105.0,353.64,31623542.00,3525.00,7.0,>3000,Blockbuster
princeofpersiathesandsoftime,0.4,English,116,6.6,Live Action,"Action, Adventure, Fantasy, Video Game",1,0,0,1,0,1,0,0,0,0,0,0,0,0,Jake Gyllenhaal,Gemma Arterton,Mike Newell,200.0,336.37,32764877.00,"4,185",7.5,>3000,Blockbuster
pacificrim,0.3,English,131,6.9,Live Action,"Action, Adventure, Sci-Fi, Monsters",0,0,0,1,0,1,0,0,0,0,0,0,0,1,Charlie Hunnam,Rinko Kikuchi,Guillermo del Toro,190.0,411.0,"41,047,359","3,912",7.9,>3000,Blockbuster
transformersdarkofthemoon,0.05,English,154,6.2,Live Action,"Action, Adventure, Sci-Fi",0,0,0,1,0,1,0,0,0,0,0,0,0,1,Shia LaBeouf,Rosie Huntington-Whiteley,Michael Bay,195.0,1123.8,"59,153,427","4,642",7.2,>3000,Blockbuster
indianajonesandthekingdomofthecrystalskull,0.4,English,122,6.1,Live Action,"Action, Adventure, Fantasy",1,0,0,1,0,1,0,0,0,0,0,0,0,0,Harrison Ford,Cate Blanchett,Steven Spielberg,185.0,786.64,"38,164,256","3,840",7.6,>2000,Blockbuster
thegooddinosaur,,English,93,6.7,Animated,"Animation, Adventure, Comedy",0,0,0,1,0,0,0,0,0,0,1,0,0,0,Jeffrey Wright,Frances McDormand,Peter Sohn,200.0,332.21,"135,378,769","3,846",7.8,>7000,Blockbuster
brave,,English,93,7.1,Animated,"Animation, Adventure, Comedy",0,0,0,1,0,0,0,0,0,0,1,0,0,0,Kelly Macdonald,Emma Thompson,"Mark Andrews, Brenda Chapman",185.0,540.4,"66,429,338","1,209",7.6,>6000,Blockbuster
startrekbeyond,0.5,English,122,7.1,Live Action,"Action, Adventure, Sci-Fi",0,0,0,1,0,1,0,0,0,0,0,0,0,1,Chris Pine,Zoe Saldana,Justin Lin,185.0,343.47,"43,190,020",392,7.0,>8000,Hit
walle,0.3333333333333333,English,98,8.4,Animated,"Animation, Adventure, Family",0,0,0,1,0,0,1,0,0,0,0,0,0,0,Ben Burtt,Elissa Knight,Andrew Stanton,180.0,532.45,"32,873,978",180,8.0,>6000,Blockbuster
2012,0.45,English,158,5.8,Live Action,"Action, Adventure, Sci-Fi",0,0,0,1,0,1,0,0,0,0,0,0,0,1,John Cusack,Amanda Peet,Roland Emmerich,200.0,769.68,"11,157,798",209,7.3,>4000,Hit
jupiterascending,0.4,English,127,5.3,Live Action,"Action, Adventure, Sci-Fi",0,0,0,1,0,1,0,0,0,0,0,0,0,1,Channing Tatum,Mila Kunis,The Wachowskis,176.0,183.9,"18,487,685",132,6.0,>4300,Flop
thelegendoftarzan,0.15,English,110,6.2,Live Action,"Action, Adventure, Drama",0,1,0,1,0,1,0,0,0,0,0,0,0,0,Alexander Skarsgård,Margot Robbie,David Yates,180.0,356.74,"28,456,586",129,6.7,>4200,Hit
thechroniclesofnarniathelionthewitchandthewardrobe,0.4736842105263157,English,143,6.9,Live Action,"Adventure, Family, Fantasy",1,0,0,1,0,0,1,0,0,0,0,0,0,0,Georgie Henley,Skandar Keynes,Andrew Adamson,180.0,745.01,"45,848,504",61,7.4,>4080,Blockbuster
xmenapocalypse,0.35,English,144,6.9,Live Action,"Action, Adventure, Sci-Fi",0,0,0,1,0,1,0,0,0,0,0,0,0,1,James McAvoy,Michael Fassbender,Bryan Singer,178.0,543.94,"37,471,155","4,036",6.9,>5000,Hit
up,,English,96,8.2,Animated,"Animation, Adventure, Comedy",0,0,0,1,0,0,0,0,0,0,1,0,0,0,Edward Asner,Jordan Nagai,"Pete Docter, Bob Peterson",175.0,735.1,"26,290,691","3,833",8.0,>5000,Blockbuster
monstersvsaliensmutantpumpkinsfromouterspace,,English,88,7.2,Animated,"Animation, Comedy, Sci-Fi",0,0,0,0,0,0,0,0,0,0,1,0,0,1,Jane Doe,John Smith,Peter Ramsey,75.0,53.21,"15,987,422",672,8.0,">4,000",Average
ironman,0.3,English,126,7.9,Live Action,"Action, Adventure, Sci-fi",0,0,0,1,0,1,0,0,0,0,0,0,0,1,Robert Downey Jr.,Gwyneth Paltrow,Jon Favreau,140.0,585.17,"59,815,026",4084,8.0,>3000,Blockbuster
hugo,,English,126,7.5,Live Action,"Adventure, Drama, Family",0,1,0,1,0,0,1,0,0,0,0,0,0,0,Asa Butterfield,Chloë Grace Moretz,Martin Scorsese,150.0,185.77,"19,425,872",1902,7.7,">3,400",Hit
wildwildwest,0.3333333333333333,English,106,4.9,Live Action,"Action, Comedy, Sci-fi",0,0,0,0,0,1,0,0,0,0,1,0,0,1,Will Smith,Kevin Kline,Barry Sonnenfeld,170.0,222.11,"12,151,590",3355,6.5,">4,336",Flop
themummytombofthedragonemperor,0.55,English,112,5.2,Live Action,"Action, Adventure, Fantasy",1,0,0,1,0,1,0,0,0,0,0,0,0,0,Brendan Fraser,Jet Li,Rob Cohen,145.0,401.13,"19,564,025",3742,5.9,">2,000 ",Hit
suicidesquad,0.15,English,123,6.0,Live Action,"Action, Adventure, Fantasy",1,0,0,1,0,1,0,0,0,0,0,0,0,0,Will Smith,Jared Leto,David Ayer,175.0,746.84,"103,029,485",4251,6.1,>50,Blockbuster
evanalmighty,0.65,English,96,5.4,Live Action,"Comedy, Family, Fantasy",1,0,0,0,0,0,1,0,0,0,1,0,0,0,Steve Carell,Morgan Freeman,Tom Shadyac,175.0,174.11,"21,762,904",3762,6.3,">2,000",Flop
edgeoftomorrow,0.25,English,113,7.9,Live Action,"Action, Sci-fi",0,0,0,0,0,1,0,0,0,0,0,0,0,1,Tom Cruise,Emily Blunt,Doug Liman,178.0,370.54,"83,617,422",3519,7.9,">1,000",Blockbuster
waterworld,0.5384615384615384,English,135,6.2,Live Action,"Action, Adventure, Sci-fi",0,0,0,1,0,1,0,0,0,0,0,0,0,1,Kevin Costner,Jeanne Tripplehorn,Kevin Reynolds,172.0,264.22,"20,443,243",2713,7.2,">2,641",Flop
gijoetheriseofcobra,,English,118,5.8,Live Action,"Action, Adventure, Sci-fi",0,0,0,1,0,1,0,0,0,0,0,0,0,1,Channing Tatum,Sienna Miller,Stephen Sommers,175.0,302.47,"23,731,534",4074,5.7,">1,500 ",Blockbuster
insideout,,English,95,8.1,Animated,"Animation, Adventure, Comedy",0,0,0,1,0,0,0,0,0,0,1,0,0,0,Amy Poehler,Phyllis Smith,"Pete Docter, Ronnie del Carmen",175.0,857.61,"70,172,243",4158,8.6,">3,434",Blockbuster
thejunglebook,,English,106,7.4,Live Action,"Adventure, Drama, Family",0,1,0,1,0,0,1,0,0,0,0,0,0,0,"Neel Sethi, Bill Murray",,Jon Favreau,175.0,966.55,"65,215,186",4144,7.6,>500,Blockbuster
ironman2,0.55,English,124,7.0,Live Action,"Action, Adventure, Sci-fi",0,0,0,1,0,1,0,0,0,0,0,0,0,1,Robert Downey Jr.,Gwyneth Paltrow,Jon Favreau,200.0,623.93,"65,536,419",4390,6.5,">1,000",Blockbuster
snowwhiteandthehuntsman,0.2,English,127,6.1,Live Action,"Action, Adventure, Drama",0,1,0,1,0,1,0,0,0,0,0,0,0,0,Kristen Stewart,Chris Hemsworth,Rupert Sanders,170.0,396.59,"23,440,502",3946,6.4,>300,Hit
maleficent,0.1875,English,97,7.0,Live Action,"Action, Adventure, Family",0,0,0,1,0,1,1,0,0,0,0,0,0,0,Angelina Jolie,Elle Fanning,Robert Stromberg,180.0,758.54,"56,756,737",3948,7.2,">4,000",Blockbuster
dawnoftheplanetoftheapes,0.3,English,130,7.6,Live Action,"Action, Adventure, Drama",0,1,0,1,0,1,0,0,0,0,0,0,0,0,Andy Serkis,Jason Clarke,Matt Reeves,170.0,710.64,"76,795,196",3700,8.0,">1,000",Blockbuster
thelovers,0.2,English,109,6.1,Live Action,"Comedy, Romance",0,0,0,0,0,0,0,1,0,0,1,0,0,0,Tracy Letts,Debra Winger,Azazel Jacobs,12.0,7.56,"5,625,862",98,7.0,">1,000",Flop
47ronin,0.2,English,119,6.3,Live Action,"Action, Adventure, Drama",0,1,0,1,0,1,0,0,0,0,0,0,0,0,Keanu Reeves,Hiroyuki Sanada,Carl Rinsch,175.0,151.79,"17,008,422",2730,6.3,">3,000",Flop
captainamericathewintersoldier,0.35,English,136,7.7,Live Action,"Action, Adventure, Sci-fi",0,0,0,1,0,1,0,0,0,0,0,0,0,1,Chris Evans,Scarlett Johansson,"Anthony Russo, Joe Russo",170.0,714.42,"91,346,117",3986,7.4,">1,000",Blockbuster
shrekforeverafter,,English,93,6.3,Animated,"Animation, Adventure, Comedy",0,0,0,1,0,0,0,0,0,0,1,0,0,0,Mike Myers,Cameron Diaz,Mike Mitchell,135.0,752.6,"62,590,430",4321,6.4,">1,000",Blockbuster
tomorrowland,0.4,English,130,6.4,Live Action,"Action, Adventure, Family",0,0,0,1,0,1,1,0,0,0,0,0,0,0,George Clooney,Britt Robertson,Brad Bird,190.0,209.18,"39,446,871",3987,7.0,900,Hit
bighero6,,English,102,7.8,Animated,"Animation, Action, Adventure",0,0,0,1,0,1,0,0,0,0,0,0,0,0,Scott Adsit,Ryan Potter,"Don Hall, Chris Williams",165.0,657.82,"85,947,661",3810,7.2,">1,000",Blockbuster
wreckitralph,,English,101,7.7,Animated,"Animation, Adventure, Comedy",0,0,0,1,0,0,0,0,0,0,1,0,0,0,John C. Reilly,Sarah Silverman,Rich Moore,165.0,471.22,"45,024,298",3765,7.7,">1,000",Blockbuster
thepolarexpress,,English,100,6.6,Animated,"Animation, Adventure, Family",0,0,0,1,0,0,1,0,0,0,0,0,0,0,Tom Hanks,Leslie Zemeckis,Robert Zemeckis,165.0,311.4,"24,028,933",3295,6.7,">1,000",Blockbuster
independencedayresurgence,0.45,English,120,5.2,Live Action,"Action, Adventure, Sci-fi",0,0,0,1,0,1,0,0,0,0,0,0,0,1,Liam Hemsworth,Jeff Goldblum,Roland Emmerich,165.0,389.68,"40,208,740",4117,6.0,">3,000",Blockbuster
howtotrainyourdragon,,English,98,8.1,Animated,"Animation, Action, Adventure",0,0,0,1,0,1,0,0,0,0,0,0,0,0,Jay Baruchel,Gerard Butler,"Dean DeBlois, Chris Sanders",165.0,494.88,"28,882,790",4144,8.1,">3,000",Blockbuster
terminator3riseofthemachines,,English,109,6.3,Live Action,"Action, Sci-fi, Thriller",0,0,0,0,1,1,0,0,0,0,0,0,0,1,Arnold Schwarzenegger,Claire Danes,Jonathan Mostow,200.0,433.37,"32,855,284",3624,7.0,">3,000",Hit
inception,0.3333333333333333,English,148,8.8,Live Action,"Action, Adventure, Sci-fi",0,0,0,1,0,1,0,0,0,0,0,0,0,1,Leonardo DiCaprio,Ellen Page,Christopher Nolan,160.0,829.9,"19,896,705",3793,8.7,">3,000",Blockbuster
shingodzilla,0.45,Other Regional,120,6.6,Live Action,"Action, Adventure, Drama",0,1,0,1,0,1,0,0,0,0,0,0,0,0,Hiroki Hasegawa,Yutaka Takenouchi,"Hideaki Anno, Shinji Higuchi",15.0,77.9,"3,020,288",334,7.1,">1,000",Hit
thehobbitanunexpectedjourney,0.25,English,169,7.8,Live Action,"Adventure, Fantasy",1,0,0,1,0,0,0,0,0,0,0,0,0,0,Martin Freeman,Ian McKellen,Peter Jackson,180.0,1021.1,"42,299,213",4724,7.2,>500,Blockbuster
thefastandthefurious,0.55,English,106,6.8,Live Action,"Action, Crime, Thriller",0,0,0,0,1,1,0,0,0,0,0,0,1,0,Vin Diesel,Paul Walker,Rob Cohen,38.0,207.3,"12,096,242",2690,6.7,">1,000",Blockbuster
thecuriouscaseofbenjaminbutton,0.125,English,166,7.8,Live Action,"Drama, Fantasy, Romance",1,1,0,0,0,0,0,1,0,0,0,0,0,0,Brad Pitt,Cate Blanchett,David Fincher,150.0,333.93,"15,103,195",2950,7.7,>500,Blockbuster
xmenfirstclass,,English,132,7.7,Live Action,"Action, Adventure, Sci-fi",0,0,0,1,0,1,0,0,0,0,0,0,0,1,James McAvoy,Michael Fassbender,Matthew Vaughn,160.0,353.62,"16,171,871",3743,7.8,">1,500",Blockbuster
thehungergamesmockingjaypart2,0.35,English,137,6.5,Live Action,"Action, Adventure, Sci-fi",0,0,0,1,0,1,0,0,0,0,0,0,0,1,Jennifer Lawrence,Josh Hutcherson,Francis Lawrence,160.0,653.43,"59,014,577",4175,6.6,>3000,Blockbuster
thesorcerersapprentice,0.25,English,109,6.1,Live Action,"Action, Adventure, Family",0,0,0,1,0,1,1,0,0,0,0,0,0,0,Nicolas Cage,Jay Baruchel,Jon Turteltaub,150.0,215.3,"24,961,132",3735,6.0,>3000,Hit
poseidon,0.4,English,98,5.6,Live Action,"Action, Adventure, Drama",0,1,0,1,0,1,0,0,0,0,0,0,0,0,Josh Lucas,Kurt Russell,Wolfgang Petersen,160.0,181.67,"17,431,964",3454,6.0,>3000,Blockbuster
alicethroughthelookingglass,0.5,English,113,6.2,Live Action,"Adventure, Family, Fantasy",1,0,0,1,0,0,1,0,0,0,0,0,0,0,Mia Wasikowska,Johnny Depp,James Bobin,170.0,299.46,"47,307,889",3844,6.3,>3000,Blockbuster
shrekthethird,,English,93,6.0,Animated,"Animation, Adventure, Comedy",0,0,0,1,0,0,0,0,0,0,1,0,0,0,Mike Myers,Eddie Murphy,"Chris Miller, Raman Hui",160.0,798.98,"19,571,275",4122,6.0,>3000,Blockbuster
warcraft,0.4,English,123,6.8,Live Action,"Action, Adventure, Fantasy",1,0,0,1,0,1,0,0,0,0,0,0,0,0,Travis Fimmel,Paula Patton,Duncan Jones,160.0,439.03,"41,015,393",3923,7.2,>3000,Blockbuster
terminatorgenisys,0.3,English,126,6.3,Live Action,"Action, Adventure, Sci-fi",0,0,0,1,0,1,0,0,0,0,0,0,0,1,Arnold Schwarzenegger,Emilia Clarke,Alan Taylor,155.0,439.52,"36,120,384",3956,6.1,>3000,Blockbuster
thechroniclesofnarniathevoyageofthedawntreader,0.45,English,113,6.3,Live Action,"Adventure, Family, Fantasy",1,0,0,1,0,0,1,0,0,0,0,0,0,0,Georgie Henley,Skandar Keynes,Michael Apted,155.0,418.19,"26,196,163",3365,6.2,>3000,Hit
pearlharbor,0.35,English,183,6.2,Live Action,"Action, Drama, History",0,1,0,0,0,1,0,0,0,0,0,0,0,0,Ben Affleck,Kate Beckinsale,Michael Bay,140.0,449.22,"17,080,245",3361,6.7,>3000,Hit
transformers,0.25,English,144,7.0,Live Action,"Action, Adventure, Sci-fi",0,0,0,1,0,1,0,0,0,0,0,0,0,1,Shia LaBeouf,Megan Fox,Michael Bay,150.0,709.71,"35,911,225",4131,7.3,>3000,Blockbuster
alexander,0.45,English,175,5.6,Live Action,"Action, Biography, Drama",0,1,0,0,0,1,0,0,0,0,0,0,0,0,Colin Farrell,Angelina Jolie,Oliver Stone,155.0,167.3,"13,341,106",2945,7.0,>3000,Flop
harrypotterandtheorderofthephoenix,0.0,English,138,7.5,Live Action,"Action, Adventure, Family",0,0,0,1,0,1,1,0,0,0,0,0,0,0,Daniel Radcliffe,Emma Watson,David Yates,150.0,942.04,"51,198,000",4375,7.4,>3000,Blockbuster
harrypotterandthegobletoffire,0.05,English,157,7.7,Live Action,"Adventure, Family, Fantasy",1,0,0,1,0,0,1,0,0,0,0,0,0,0,Daniel Radcliffe,Emma Watson,Mike Newell,150.0,896.4,"26,964,000",3850,7.7,>3000,Blockbuster
hancock,0.0,English,92,6.4,Live Action,"Action, Fantasy, Sci-fi",1,0,0,0,0,1,0,0,0,0,0,0,0,1,Will Smith,Charlize Theron,Peter Berg,150.0,624.38,"37,125,000",3880,6.4,>3000,Superhit
iamlegend,0.2,English,101,7.2,Live Action,"Drama, Horror, Sci-fi",0,1,0,0,0,0,0,0,0,0,0,1,0,1,Will Smith,Alice Braga,Francis Lawrence,150.0,585.35,"45,540,000",3662,7.2,>3000,Blockbuster
charlieandthechocolatefactory,0.45,English,115,6.6,Live Action,"Adventure, Comedy, Family",0,0,0,1,0,0,1,0,0,0,1,0,0,0,Johnny Depp,Freddie Highmore,Tim Burton,150.0,474.97,"16,841,247",3625,7.1,>3000,Hit
ratatouille,,English,111,8.0,Animated,"Animation, Adventure, Comedy",0,0,0,1,0,0,0,0,0,0,1,0,0,0,Patton Oswalt,Ian Holm,"Brad Bird, Jan Pinkava",150.0,623.72,"15,046,588",4008,7.9,>3000,Superhit
batmanbegins,0.2,English,140,8.2,Live Action,"Action, Adventure, Crime",0,0,0,1,0,1,0,0,0,0,0,0,1,0,Christian Bale,Michael Caine,Christopher Nolan,150.0,373.41,"14,708,365",3607,8.2,>3000,Superhit
madagascarescape2africa,,English,89,6.6,Animated,"Animation, Adventure, Comedy",0,0,0,1,0,0,0,0,0,0,1,0,0,0,Ben Stiller,Chris Rock,"Eric Darnell, Tom McGrath",150.0,603.9,"21,800,000",4057,6.6,>3000,Hit
nightatthemuseumbattleofthesmithsonian,,English,105,6.0,Live Action,"Adventure, Comedy, Family",0,0,0,1,0,0,1,0,0,0,0,0,0,0,Ben Stiller,Amy Adams,Shawn Levy,150.0,413.11,"16,549,540",4096,5.8,>3000,Blockbuster
xmenoriginswolverine,1.0,English,107,6.6,Live Action,"Action, Adventure, Sci-fi",0,0,0,1,0,1,0,0,0,0,0,0,0,1,Hugh Jackman,Liev Schreiber,Gavin Hood,150.0,373.06,"14,750,000",4094,6.5,>3000,Hit
thematrixrevolutions,0.35,English,129,6.7,Live Action,"Action, Sci-fi",0,0,0,0,0,1,0,0,0,0,0,0,0,1,Keanu Reeves,Laurence Fishburne,Wachowskis,150.0,427.34,"13,548,396",4120,7.4,>3000,Hit
frozen,,English,102,7.4,Animated,"Animation, Adventure, Comedy, Family, Fantasy, Musical, Romance",0,1,1,1,0,0,1,1,0,0,1,0,0,0,Kristen Bell,Idina Menzel,"Chris Buck, Jennifer Lee",150.0,1509.0,"1,736,415,911",1500,7.5,>4000,Blockbuster
thematrixreloaded,0.3,English,138,7.2,Live Action,"Action, Sci-Fi",0,0,0,0,0,1,0,0,0,0,1,0,0,1,Keanu Reeves,Laurence Fishburne,"Lana Wachowski, Lilly Wachowski",150.0,742.13,"3,763,955",3250,6.8,>5000,Blockbuster
thorthedarkworld,0.3,English,112,6.9,Live Action,"Action, Adventure, Fantasy, Sci-Fi, Superhero",0,0,0,1,0,1,0,0,0,0,0,0,0,1,Chris Hemsworth,Natalie Portman,Alan Taylor,170.0,644.57,"1,044,397,000",4300,6.5,>5000,Hit
thor,0.15,English,115,7.0,Live Action,"Action, Adventure, Fantasy, Superhero",0,0,0,1,0,1,0,0,0,0,0,0,0,0,Chris Hemsworth,Natalie Portman,Kenneth Branagh,150.0,449.33,"2,992,055",3956,6.8,>5000,Blockbuster
bolt,0.3,English,96,6.8,Animated,"Animation, Adventure, Comedy, Drama, Family, Fantasy, Sci-Fi",0,1,0,1,0,0,1,0,0,0,1,0,0,1,John Travolta,Miley Cyrus,"Byron Howard, Chris Williams",150.0,328.02,"2,319,156",3500,7.1,>4000,Hit
gforce,0.0,English,88,5.1,Animated,"Action, Adventure, Comedy, Family, Fantasy",0,1,1,1,1,0,0,0,0,0,0,0,0,0,Zach Galifianakis,Penélope Cruz,Hoyt Yeatman,150.0,292.82,"1,003,696",3681,5.6,">3,400",Average
wrathofthetitans,,English,99,5.7,Live Action,"Action, Adventure, Fantasy, Mythology",0,1,0,1,0,0,0,0,0,0,0,0,0,0,Sam Worthington,Rosamund Pike,Jonathan Liebesman,150.0,305.28,"899,276",3715,5.7,">4,336",Hit
darkshadows,0.35,English,113,6.2,Live Action,"Comedy, Fantasy, Horror, Gothic",0,0,0,0,0,0,0,1,0,0,1,1,0,0,Johnny Depp,Eva Green,Tim Burton,150.0,245.53,"2,144,711",3856,7.1,">2,000 ",Average
missionimpossibleroguenation,0.2,English,131,7.4,Animated,"Action, Adventure, Thriller",0,0,0,1,1,1,0,0,0,0,0,0,0,0,Tom Cruise,Rebecca Ferguson,Christopher McQuarrie,150.0,682.71,"10,047,246",3750,7.4,>50,Blockbuster
thewolfman,0.3333333333333333,English,103,5.8,Live Action,"Horror, Drama, Thriller, Fantasy",1,1,0,0,1,0,0,0,0,0,0,0,0,1,Benicio Del Toro,Emily Blunt,Joe Johnston,150.0,139.79,"1,106,941",3618,6.4,">2,000",Flop
beemovie,,English,91,6.1,Animated,"Animation, Adventure, Comedy, Family, Fantasy, Sci-Fi",0,0,0,1,0,1,1,0,0,0,1,0,0,1,Jerry Seinfeld,Renée Zellweger,"Steve Hickner, Simon J. Smith",150.0,287.59,"2,312,775",3582,6.0,">1,000",Hit
kungfupanda2,,English,90,7.2,Animated,"Animation, Action, Adventure, Comedy, Family, Fantasy, Martial Arts, Superhero",0,0,0,1,0,1,1,0,0,0,1,0,0,1,Jack Black,Angelina Jolie,Jennifer Yuh Nelson,150.0,665.69,"2,191,055",3955,7.4,">2,641",Blockbuster
thelastairbender,,English,103,4.0,Animated,"Action, Adventure, Fantasy",0,0,0,1,0,0,0,0,0,0,0,0,0,1,Noah Ringer,Dev Patel,M. Night Shyamalan,150.0,318.76,"1,306,100",3192,5.0,">1,500 ",Flop
missionimpossibleiii,0.0,English,126,6.9,Animated,"Action, Adventure, Thriller",0,0,0,1,1,1,0,0,0,0,0,0,0,1,Tom Cruise,Michelle Monaghan,J.J. Abrams,150.0,397.85,"3,483,218",3912,6.9,">3,434",Hit
whitehousedown,0.25,English,131,6.4,Live Action,"Action, Drama, Thriller",0,1,0,1,1,1,0,0,0,0,0,0,0,0,Channing Tatum,Jamie Foxx,Roland Emmerich,150.0,205.37,"1,679,054",3728,6.6,>500,Hit
marsneedsmoms,0.3,English,88,5.4,Animated,"Animation, Adventure, Comedy, Family, Sci-Fi",0,0,0,1,0,0,1,0,0,0,1,0,0,1,Seth Green,Joan Cusack,Simon Wells,150.0,39.23,"1,026,764",3101,6.0,">1,000",Disaster
flushedaway,0.35,English,85,6.6,Animated,"Animation, Adventure, Comedy, Family, Slapstick",0,0,0,1,0,0,1,0,0,0,1,0,0,0,Hugh Jackman,Kate Winslet,"Peter Lord, David Sproxton, Sam Fell",150.0,179.37,"2,522,790",3606,6.5,>300,Average
pan,0.15,English,111,5.7,Animated,"Adventure, Family, Fantasy, Musical, Drama, Comedy, Animation, Fantasy",1,1,0,1,0,0,1,0,0,0,1,0,0,1,Levi Miller,Rooney Mara,Joe Wright,150.0,128.39,"3,978,739",3903,6.1,">4,000",Disaster
mrpeabodysherman,,English,92,6.8,Animated,"Animation, Adventure, Comedy, Family, Sci-Fi",1,0,0,1,0,0,1,0,0,0,1,0,0,1,Ty Burrell,Max Charles,Rob Minkoff,150.0,275.71,"1,068,764",3753,7.4,">1,000",Hit
troy,0.3157894736842105,English,163,7.2,Live Action,"Action, Adventure, Drama, History",0,1,0,1,0,0,0,0,0,0,0,0,1,0,Brad Pitt,Eric Bana,Wolfgang Petersen,150.0,497.41,"3,165,607",3474,6.6,">1,000",Hit
madagascar3europesmostwanted,0.0,English,93,6.8,Animated,"Animation, Adventure, Comedy, Family, Circus, 3D",1,0,0,1,0,0,1,0,0,0,1,0,0,1,"Ben Stiller, Chris Rock, David Schwimmer","Jada Pinkett Smith, Sacha Baron Cohen","Eric Darnell, Tom McGrath, Conrad Vernon",150.0,746.92,2606764.00,4087,7.5,">3,000",Blockbuster
dieanotherday,0.6,English,133,6.1,Live Action,"Action, Adventure, Thriller",0,0,0,1,1,1,0,0,0,0,0,0,0,1,Pierce Brosnan,Halle Berry,Lee Tamahori,150.0,431.97,"1,539,754",3645,6.1,">1,000",Hit
ghostbusters,0.45,English,105,5.2,Animated,"Comedy, Fantasy, Sci-Fi",0,0,0,0,0,0,0,0,0,0,1,1,0,1,Theodore Shapiro,"Melissa McCarthy, Kristen Wiig, Kate McKinnon, Leslie Jones",Paul Feig,150.0,229.15,1072455.00,3922,6.1,">1,000",Blockbuster
armageddon,0.0,English,151,6.7,Animated,"Action, Adventure, Drama, Sci-Fi, Thriller",0,1,0,1,1,1,0,0,0,0,0,0,0,1,Trevor Rabin,"Bruce Willis, Ben Affleck, Liv Tyler, Billy Bob Thornton",Michael Bay,150.0,553.71,1788500.00,3399,7.0,900,Blockbuster
meninblackii,0.25,English,88,6.2,Animated,"Comedy, Sci-Fi, Action, Adventure, Mystery, 3D",0,0,0,1,0,1,0,0,1,0,1,0,0,1,Danny Elfman,"Tommy Lee Jones, Will Smith",Barry Sonnenfeld,150.0,441.82,2548061.00,3515,6.3,">1,000",Hit
beowulf,,English,115,6.2,Live Action,"Animation, Action, Adventure",0,0,0,1,0,0,0,0,0,0,1,0,0,0,Ray Winstone,Angelina Jolie,Robert Zemeckis,150.0,163.71,13440546.00,15.00,7.0,">1,000",Hit
kungfupanda3,,English,95,7.1,Animated,"Animation, Action, Adventure",0,0,0,1,0,0,0,0,0,0,1,0,0,0,Jack Black,Angelina Jolie,"Alessandro Carloni, Jennifer Yuh Nelson",145.0,521.17,"16,732,066",82,7.3,">1,000",Hit
missionimpossibleghostprotocol,0.35,English,133,7.4,Live Action,"Action, Adventure, Thriller",0,0,0,1,1,1,0,0,0,0,0,0,0,0,Tom Cruise,Paula Patton,Brad Bird,145.0,694.71,"30,589,352",134,7.5,">3,000",Blockbuster
riseoftheguardians,,English,97,7.3,Animated,"Animation, Action, Adventure",0,0,0,1,0,0,0,0,0,0,1,0,0,0,"Hugh Jackman, Alec Baldwin",Isla Fisher,Peter Ramsey,145.0,306.94,14851747.00,76,7.1,">3,000",Average
funwithdickandjane,0.0,English,90,6.1,Live Action,"Comedy, Crime, Romance",0,1,0,0,0,0,0,1,0,0,1,0,1,0,Jim Carrey,Téa Leoni,Dean Parisot,100.0,202.02,"2,875,348",34,6.4,">3,000",Hit
thelastsamurai,0.6666666666666666,English,154,7.7,Live Action,"Action, Drama, War",0,1,0,0,0,1,0,0,0,0,0,0,0,0,Tom Cruise,Ken Watanabe,Edward Zwick,140.0,456.81,"12,357,211",83,8.0,">2,500",Hit
exodusgodsandkings,0.2,English,150,6.0,Live Action,"Action, Adventure, Drama",0,1,0,1,0,0,0,0,0,0,0,0,0,0,Christian Bale,Joel Edgerton,Ridley Scott,140.0,268.03,"14,216,894",69,7.4,">1,500",Average
startrek,0.0,English,127,7.9,Live Action,"Action, Adventure, Sci-Fi",0,0,0,1,0,0,0,0,0,0,0,0,0,1,Chris Pine,Zachary Quinto,J.J. Abrams,140.0,385.68,"12,045,854",43,7.8,">3,000",Blockbuster
spiderman,,English,121,7.3,Live Action,"Action, Adventure, Sci-Fi",0,0,0,1,0,0,0,0,0,0,0,0,0,1,Tobey Maguire,Kirsten Dunst,Sam Raimi,140.0,821.71,"18,987,727",100,8.4,">1,000",Blockbuster
howtotrainyourdragon2,,English,102,7.8,Animated,"Animation, Action, Adventure",0,0,0,1,0,0,0,0,0,0,1,0,0,0,Jay Baruchel,Cate Blanchett,Dean DeBlois,140.0,621.53,"13,401,964",61,7.6,>500,Blockbuster
godsofegypt,0.2,English,127,5.4,Live Action,"Action, Adventure, Fantasy",0,0,0,1,0,0,0,0,0,0,0,0,0,1,Brenton Thwaites,Nikolaj Coster-Waldau,Alex Proyas,140.0,150.7,"8,732,211",61,6.8,">1,000",Flop
stealth,0.25,English,121,5.0,Live Action,"Action, Adventure, Sci-Fi",0,0,0,1,0,0,0,0,0,0,0,0,0,1,Josh Lucas,Jessica Biel,Rob Cohen,140.0,77.14,"4,231,234",44,6.1,>500,Flop
watchmen,0.25,English,162,7.6,Live Action,"Action, Drama, Mystery",0,1,0,0,0,0,0,0,1,0,0,0,0,0,Jackie Earle Haley,Malin Akerman,Zack Snyder,140.0,185.25,"14,712,875",38,6.9,">1,500",Average
lethalweapon4,1.0,English,127,6.6,Live Action,"Action, Crime, Thriller",0,0,0,0,1,1,0,0,0,0,0,0,1,0,Mel Gibson,Danny Glover,Richard Donner,140.0,285.4,"6,723,211",63,6.0,>3000,Hit
hulk,0.3,English,138,5.6,Live Action,"Action, Sci-Fi, Drama",0,1,0,0,0,1,0,0,0,0,0,0,1,1,Eric Bana,Jennifer Connelly,Ang Lee,140.0,245.36,"9,865,432",56,6.2,">3,400",Average
gijoeretaliation,,English,110,5.8,Live Action,"Action, Adventure, Sci-Fi",0,0,0,1,0,1,0,0,0,0,0,0,0,1,Dwayne Johnson,Adrianne Palicki,Jon M. Chu,130.0,375.74,"22,654,980",66,7.1,">4,336",Hit
sahara,,English,124,6.0,Live Action,"Action, Adventure, Comedy",0,0,0,1,0,1,0,0,0,0,1,0,0,0,Matthew McConaughey,Penélope Cruz,Breck Eisner,130.0,119.27,"7,540,211",61,7.0,">2,000 ",Flop
finalfantasythespiritswithin,0.4,English,106,6.4,Animated,"Animation, Action, Adventure",0,0,0,1,0,1,0,0,0,0,0,0,0,0,Ming-Na Wen,Alec Baldwin,"Hironobu Sakaguchi, Motonori Sakakibara",137.0,85.13,"5,432,121",74,7.5,>50,Disaster
captainamericathefirstavenger,0.2,English,124,6.9,Animated,"Action, Adventure, Sci-Fi",0,0,0,1,0,1,0,0,0,0,0,0,0,1,Chris Evans,Hayley Atwell,Joe Johnston,140.0,370.57,"9,864,432",68,7.0,">2,000",Blockbuster
theworldisnotenough,1.0,English,128,6.4,Live Action,Action,0,0,0,0,0,1,0,0,0,0,0,0,0,0,Pierce Brosnan,Sophie Marceau,Michael Apted,135.0,362.5,9.8,12.1,4.5,">1,000",Hit
masterandcommanderthefarsideoftheworld,0.65,English,138,7.4,Live Action,"Adventure, Drama, War",0,1,0,1,0,0,0,0,0,0,0,0,0,0,Russell Crowe,Paul Bettany,Peter Weir,150.0,212.01,5048384.00,9,8.0,">2,641",Hit
thetwilightsagabreakingdawnpart2,0.2,English,115,5.5,Live Action,"Adventure, Drama, Fantasy",0,1,0,1,0,0,0,0,0,0,0,0,0,0,Kristen Stewart,Robert Pattinson,Bill Condon,120.0,829.75,"5,786,387",10,7.0,">1,500 ",Blockbuster
happyfeettwo,,English,100,5.9,Animated,"Animation, Adventure, Comedy",0,0,0,1,0,0,0,0,0,0,1,0,0,0,Elijah Wood,Pink,George Miller,135.0,150.4,"9,875,427",6,7.5,">3,434",Flop
theincrediblehulk,0.05,English,112,6.7,Live Action,"Action, Adventure, Sci-Fi",0,0,0,1,0,0,0,0,0,0,0,0,0,1,Edward Norton,Liv Tyler,Louis Leterrier,150.0,263.43,"8,485,676",8,7.0,>500,Average
thebfg,0.2,English,117,6.4,Animated,"Adventure, Family, Fantasy",0,0,0,1,0,0,1,0,0,0,0,0,0,0,Mark Rylance,Ruby Barnhill,Steven Spielberg,140.0,195.24,"4,992,708",6,7.5,">1,000",Flop
turbo,0.35,English,96,6.4,Animated,"Animation, Adventure, Comedy",0,0,0,1,0,0,0,0,0,0,1,0,0,0,Ryan Reynolds,Paul Giamatti,David Soren,135.0,282.57,"4,369,245",9,7.0,">4,000",Average
rango,0.0,English,107,7.2,Animated,"Animation, Adventure, Comedy",0,0,0,1,0,0,0,0,0,0,1,0,0,0,Johnny Depp,Isla Fisher,Gore Verbinski,135.0,245.72,"3,461,438",9,7.0,">1,000",Hit
penguinsofmadagascar,,English,92,6.7,Animated,"Animation, Adventure, Comedy",0,0,0,1,0,0,0,0,0,0,1,0,0,0,"Tom McGrath, Chris Miller",PG,"Eric Darnell, Simon J. Smith",135.0,373.51,3322211.00,7,7.0,">1,000",Hit
thebourneultimatum,0.2,English,115,8.0,Live Action,"Action, Mystery, Thriller",0,0,0,1,1,1,0,0,1,0,0,0,1,0,Matt Damon,Julia Stiles,Paul Greengrass,110.0,442.82,"1,763,506",8,7.0,">3,000",Blockbuster
kungfupanda,,English,92,7.5,Animated,"Animation, Action, Adventure, Comedy, Family, Sport",0,0,0,1,0,1,0,0,0,1,1,0,0,0,Jack Black,Angelina Jolie,"Mark Osborne, John Stevenson",135.0,631.74,"7,584,541",10,7.0,">1,000",Blockbuster
antman,0.35,English,117,7.3,Live Action,"Action, Adventure, Comedy, Sci-Fi",0,0,0,1,0,0,0,0,0,0,1,0,0,1,Paul Rudd,Evangeline Lilly,Peyton Reed,130.0,519.31,"5,839,275",7,7.0,">1,000",Blockbuster
thehungergamescatchingfire,0.4,English,146,7.5,Live Action,"Action, Adventure, Mystery, Sci-Fi, Thriller",0,0,0,1,1,1,0,0,1,0,0,0,0,1,Jennifer Lawrence,Josh Hutcherson,Francis Lawrence,130.0,865.01,"7,794,988",12,7.0,900,Blockbuster
home,,English,94,6.6,Animated,"Animation, Adventure, Comedy, Family, Fantasy, Sci-Fi",0,0,0,1,0,0,1,0,0,0,1,0,0,1,Jim Parsons,Rihanna,Tim Johnson,135.0,386.04,"7,227,331",9,6.0,">1,000",Hit
waroftheworlds,,English,116,6.5,Live Action,"Adventure, Sci-Fi, Thriller",0,0,0,1,1,0,0,0,0,0,0,0,0,1,Tom Cruise,Dakota Fanning,Steven Spielberg,132.0,704.93,"6,784,766",5,7.0,">1,000",Blockbuster
badboysii,,English,147,6.6,Live Action,"Action, Comedy, Crime, Thriller",0,0,0,1,0,1,0,0,0,0,1,0,1,0,Will Smith,Martin Lawrence,Michael Bay,130.0,273.34,"4,076,101",4,7.0,">1,000",Hit
pussinboots,,English,90,6.6,Animated,"Animation, Action, Adventure, Comedy, Family, Fantasy, Western",0,0,0,1,0,0,1,0,0,0,1,0,0,0,Antonio Banderas,Salma Hayek,Chris Miller,130.0,555.94,"5,406,150",5,6.0,">3,000",Hit
salt,0.25,English,100,6.4,Live Action,"Action, Crime, Drama, Mystery, Thriller",0,1,0,0,1,1,0,0,1,0,0,0,1,0,Angelina Jolie,Liev Schreiber,Phillip Noyce,110.0,293.5,"6,647,274",6,6.0,">3,000",Hit
noah,0.45,English,138,5.8,Live Action,"Action, Adventure, Drama, Fantasy",0,1,0,1,0,0,0,0,0,0,0,0,0,0,Russell Crowe,Jennifer Connelly,Darren Aronofsky,125.0,362.64,"5,400,000",7,7.0,">3,000",Hit
theadventuresoftintin,,English,107,7.3,Animated,"Animation, Action, Adventure, Family, Mystery, Comedy",0,1,0,1,0,0,1,0,1,0,1,0,0,0,Jamie Bell,Daniel Craig,Steven Spielberg,135.0,374.98,"6,400,000",6,7.0,">2,500",Hit
harrypotterandtheprisonerofazkaban,0.0,English,142,7.9,Live Action,"Adventure, Family, Fantasy",0,1,0,1,0,0,1,0,0,0,0,0,0,0,Daniel Radcliffe,Emma Watson,Alfonso Cuarón,130.0,796.69,"1,184,098",6,7.0,">1,500",Blockbuster
australia,,English,165,6.6,Live Action,"Drama, Romance, War",0,1,0,0,0,0,0,1,0,0,0,0,0,0,Hugh Jackman,Nicole Kidman,Baz Luhrmann,130.0,211.34,"13,362,534",13,6.0,">3,000",Hit
afterearth,0.25,English,100,4.8,Live Action,"Action, Adventure, Sci-Fi",0,0,0,1,0,0,0,0,0,0,0,0,0,1,Will Smith,Jaden Smith,M. Night Shyamalan,130.0,243.84,"17,151,880",18,4.0,">1,000",Flop
dinosaur,,English,82,6.4,Animated,"Animation, Adventure, Family",0,0,0,1,0,0,1,0,0,0,0,0,0,0,D.B. Sweeney ,Julianna Margulies,"Eric Leighton, Ralph Zondag",127.5,349.8,1874673.00,11.00,7.0,>500,Hit
nightatthemuseumsecretofthetomb,0.0,English,98,6.2,Live Action,"Adventure, Comedy, Family",0,1,0,1,0,0,1,0,0,0,0,0,0,0,Ben Stiller,Robin Williams,Shawn Levy,127.0,363.2,"42,963,259",13,7.0,">1,000",Hit
megamind,0.4,English,96,7.2,Animated,"Animation, Action, Comedy",0,1,0,1,0,0,0,0,0,0,1,0,0,0,Will Ferrell,Brad Pitt,Tom McGrath,130.0,321.89,"33,096,293",16,7.5,>500,Hit
ripd,0.55,English,96,5.6,Live Action,"Action, Comedy, Fantasy",0,0,0,0,0,1,0,0,0,0,1,0,0,1,Ryan Reynolds,Jeff Bridges,Robert Schwentke,130.0,78.32,"26,873,816",14,6.5,>3000,Flop
piratesofthecaribbeanthecurseoftheblackpearl,,English,143,8.0,Live Action,"Action, Adventure, Fantasy",0,0,0,1,0,1,0,0,0,0,0,0,0,1,Johnny Depp,Keira Knightley,Gore Verbinski,140.0,654.26,"9,484,888",31,8.5,>3000,Blockbuster
thehungergamesmockingjaypart1,0.2,English,123,6.6,Live Action,"Action, Adventure, Sci-Fi",0,0,0,1,0,1,0,0,0,0,0,0,0,1,Jennifer Lawrence,Josh Hutcherson,Francis Lawrence,125.0,755.37,"26,735,333",21,7.3,>4000,Blockbuster
rio2,,English,101,6.3,Animated,"Animation, Adventure, Comedy",0,0,0,1,0,0,0,0,0,0,1,0,0,0,Jesse Eisenberg,Anne Hathaway,Carlos Saldanha,103.0,131.54,"62,943,129",999,7.2,>5000,Hit
x2xmenunited,0.0,English,134,7.4,Live Action,"Action, Adventure, Sci-Fi",0,0,0,1,0,1,0,0,0,0,0,0,0,1,Hugh Jackman,Halle Berry,Bryan Singer,110.0,407.71,"23,911,428","1,029",7.0,>5000,Blockbuster
fastfive,0.35,English,130,7.3,Live Action,"Action, Adventure, Crime",0,0,0,1,0,1,0,0,0,0,0,0,1,0,Vin Diesel,Paul Walker,Justin Lin,125.0,626.14,"10,444,237","1,274",6.7,>5000,Blockbuster
sherlockholmesagameofshadows,,English,129,7.5,Live Action,"Action, Adventure, Crime",0,0,0,1,0,1,0,0,0,0,0,0,1,0,Robert Downey Jr.,Jude Law,Guy Ritchie,200.0,545.45,"2,983,337",488,6.7,>5000,Hit
clashofthetitans,0.45,English,106,5.8,Live Action,"Action, Adventure, Fantasy",0,0,0,1,0,1,0,0,0,0,0,0,0,1,Sam Worthington,Gemma Arterton,Louis Leterrier,125.0,493.21,"10,475,210","1,118",6.1,>5000,Hit
totalrecall,0.25,English,113,7.5,Live Action,"Action, Sci-Fi, Thriller",0,0,0,1,1,1,0,0,0,0,0,0,0,1,Arnold Schwarzenegger,Sharon Stone,Paul Verhoeven,65.0,261.28,"3,191,738",380,6.6,>2000,Flop
the13thwarrior,0.5,English,102,6.6,Live Action,"Action, Adventure, History",0,0,0,1,0,1,0,0,0,0,0,0,0,0,Antonio Banderas,Vladimir Kulich,John McTiernan,160.0,61.7,"2,247,053",236,7.0,>2000,Flop
thebournelegacy,0.45,English,135,6.6,Live Action,"Action, Adventure, Thriller",0,0,0,1,1,1,0,0,0,0,0,0,0,0,Jeremy Renner,Rachel Weisz,Tony Gilroy,125.0,276.57,"1,523,000",579,6.8,>2000,Hit
batman,0.4,English,126,7.5,Live Action,"Action, Adventure, Crime",0,0,0,1,0,1,0,0,0,0,0,0,1,0,Michael Keaton,Kim Basinger,Tim Burton,48.0,411.35,"4,586,889",13,8.1,>10000,Blockbuster
howthegrinchstolechristmas,0.1,English,104,6.2,Live Action,"Comedy, Family, Fantasy",0,0,0,1,0,0,1,0,0,0,1,0,0,0,Jim Carrey,Taylor Momsen,Ron Howard,123.0,345.08,"6,149,348",3,6.8,>5000,Blockbuster
thedayaftertomorrow,0.0,English,124,6.4,Live Action,"Action, Adventure, Sci-Fi",0,0,0,1,0,0,0,0,0,0,1,0,0,1,Dennis Quaid,Jake Gyllenhaal,Roland Emmerich,125.0,544.27,"4,413,008",1,6.5,>2000,Blockbuster
missionimpossibleii,,English,123,6.1,Live Action,"Action, Adventure, Thriller",0,0,0,1,1,1,0,0,0,0,0,0,0,0,Tom Cruise,Thandie Newton,John Woo,125.0,546.39,"11,036,988",1,5.4,>2000,Blockbuster
theperfectstorm,0.3571428571428571,English,130,6.4,Live Action,"Adventure, Drama, Thriller",0,1,0,1,1,0,0,0,0,0,0,0,0,0,George Clooney,Mark Wahlberg,Wolfgang Petersen,140.0,325.76,"3,414,506",4,5.6,>2000,Blockbuster
ghostrider,0.25,English,114,5.2,Live Action,"Action, Fantasy, Thriller",0,0,0,1,1,0,0,0,0,0,0,0,0,1,Nicolas Cage,Eva Mendes,Mark Steven Johnson,110.0,228.74,"1,576,768",56,6.0,>2500,Hit
jasonbourne,0.45,English,123,6.6,Live Action,"Action, Thriller",0,0,0,0,1,1,0,0,0,0,0,0,0,1,Matt Damon,Alicia Vikander,Paul Greengrass,120.0,415.48,"26,562,362","2,800",6.5,>6000,Hit
charliesangelsfullthrottle,0.2307692307692307,English,106,4.9,Live Action,"Action, Adventure, Comedy",0,0,0,1,0,1,0,0,0,0,1,0,0,0,Cameron Diaz,Drew Barrymore,McG,120.0,259.13,"14,104,012","3,459",5.0,>1000,Hit
prometheus,0.375,English,124,7.0,Live Action,"Adventure, Mystery, Sci-Fi",0,0,0,1,0,0,0,0,1,0,0,0,0,1,Noomi Rapace,Michael Fassbender,Ridley Scott,130.0,403.4,"23,308,797",137,7.0,>1000,Hit
stuartlittle2,0.3,English,77,5.5,Animated,"Adventure, Comedy, Family",0,0,0,1,0,0,1,0,0,0,1,0,0,0,Michael J. Fox,Melanie Griffith,Rob Minkoff,120.0,170.1,"5,235,667",37,5.0,>500,Hit
elysium,0.15,English,109,6.6,Live Action,"Action, Drama, Sci-Fi",0,1,0,1,0,1,0,1,0,0,0,0,0,1,Matt Damon,Jodie Foster,Neill Blomkamp,115.0,286.14,12210085.00,105,7.0,>2000,Hit
thechroniclesofriddick,0.0666666666666666,English,134,6.7,Live Action,"Action, Adventure, Sci-Fi",0,0,0,1,0,1,0,0,0,0,0,0,0,1,Vin Diesel,Judi Dench,David Twohy,105.0,115.77,"10,345,971",97,6.9,>2000,Flop
robocop,0.2,English,102,7.5,Live Action,"Action, Crime, Sci-Fi",0,0,0,0,0,1,0,0,0,0,0,0,1,1,Peter Weller,Nancy Allen,Paul Verhoeven,13.7,53.42,"17,135,422",72,7.4,>1000,Flop
speedracer,0.4,English,135,6.0,Live Action,"Action, Adventure, Comedy",0,0,0,1,0,1,0,0,0,0,1,0,0,1,Emile Hirsch,Christina Ricci,The Wachowskis,120.0,93.95,"12,321,667",28,7.0,>2000,Flop
howdoyouknow,0.55,English,116,5.4,Live Action,"Comedy, Drama, Romance",0,1,0,0,0,0,0,1,0,0,1,0,0,0,Reese Witherspoon,Paul Rudd,James L. Brooks,120.0,49.27,"81,051",10,6.0,>2000,Flop
knightandday,0.45,English,109,6.3,Live Action,"Action, Adventure, Comedy, Romance",0,0,0,1,0,1,0,1,0,0,1,0,0,0,Tom Cruise,Cameron Diaz,James Mangold,117.0,261.93,"35,328",25,6.0,>3000,Average
oblivion,0.3,English,124,7.0,Live Action,"Action, Adventure, Mystery, Sci-Fi",0,0,0,1,1,1,0,0,1,0,0,0,0,1,Tom Cruise,Olga Kurylenko,Joseph Kosinski,120.0,286.17,"41,107,424",42,7.5,>3000,Hit
starwarsepisodeiiirevengeofthesith,0.45,English,140,7.5,Live Action,"Action, Adventure, Fantasy, Sci-Fi",0,0,0,1,0,0,0,0,0,0,0,0,0,1,Ewan McGregor,Natalie Portman,George Lucas,113.0,850.0,"61,695,615",137,9.0,>3500,Blockbuster
starwarsepisodeiiattackoftheclones,,English,142,6.5,Live Action,"Action, Adventure, Fantasy, Sci-Fi",0,0,0,1,0,0,0,0,0,0,0,0,0,1,Ewan McGregor,Natalie Portman,George Lucas,120.0,649.4,"42,563,574",106,9.0,>3500,Blockbuster
monstersinc,0.5294117647058824,English,92,8.0,Animated,"Animation, Adventure, Comedy, Family, Fantasy, Sport",0,0,0,1,0,0,1,0,0,1,1,0,0,1,John Goodman,Billy Crystal,Pete Docter,115.0,577.44,"62,891,540",574,9.0,>3000,Blockbuster
thewolverine,0.3,English,126,6.7,Live Action,"Action, Adventure, Sci-fi, Thriller, War",0,1,0,1,1,1,0,0,0,0,0,0,0,1,Hugh Jackman,Tao Okamoto,James Mangold,120.0,414.83,"20,648,015",91,8.0,>3000,Hit
starwarsepisodeithephantommenace,0.6,English,136,6.5,Live Action,"Action, Adventure, Fantasy, Sci-Fi",0,0,0,1,0,1,0,0,0,0,0,0,0,1,"Liam Neeson, Ewan McGregor, Natalie Portman",Keira Knightley,George Lucas,115.0,1027.08,"22,348,297",148,7.5,>3000,Blockbuster
thecroods,0.0,English,98,7.2,Animated,"Animation, Adventure, Comedy, Family, Fantasy, Drama, Romance",0,1,0,1,0,0,1,1,0,0,1,0,0,1,Ryan Reynolds,Emma Stone,"Kirk DeMicco, Chris Sanders",135.0,587.2,18414055.00,162,7.4,>4000,Blockbuster
asterixattheolympicgames,,French,117,5.2,Live Action,"Adventure, Comedy, Family",0,1,0,1,0,0,1,0,0,0,1,0,0,0,Clovis Cornillac,Gérard Depardieu,"Frédéric Forestier, Thomas Langmann",78.0,135.1,"10,594,275",120,5.0,>1000,Hit
windtalkers,0.0,English,134,6.0,Live Action,"Action, Drama, War",0,1,0,1,0,1,0,0,0,0,0,0,0,0,Nicolas Cage,Adam Beach,John Woo,115.0,40.91,"9,588,206",25,7.2,>3000,Flop
thehuntsmanwinterswar,0.25,English,114,6.1,Live Action,"Action, Adventure, Drama",0,1,0,1,0,1,0,0,0,0,0,0,0,0,Chris Hemsworth,Charlize Theron,Cedric Nicolas-Troyan,115.0,164.62,10054711.00,30,6.5,>3500,Flop
teenagemutantninjaturtles,,English,101,5.8,Live Action,"Action, Adventure, Comedy",0,0,0,1,0,1,0,0,0,0,1,0,0,0,Megan Fox,"Alan Ritchson, Noel Fisher, Johnny Knoxville, Jeremy Howard, Pete Ploszek, Danny Woodburn",Jonathan Liebesman,125.0,493.33,"26,413,488","4,000",7.0,>3000,Hit
gravity,0.3,English,91,7.7,Live Action,"Drama, Sci-Fi, Thriller",0,1,0,0,1,0,0,0,0,0,0,0,0,1,Sandra Bullock,George Clooney,Alfonso Cuarón,100.0,716.39,"37,193,659","3,300",7.3,>3400,Blockbuster
dantespeak,0.2222222222222222,English,108,5.9,Live Action,"Action, Adventure, Thriller",0,1,0,1,1,1,0,0,0,0,0,0,0,0,Pierce Brosnan,Linda Hamilton,Roger Donaldson,116.0,178.12,"4,245,504",42,7.1,>2000,Hit
teenagemutantninjaturtlesoutoftheshadows,0.15,English,112,6.0,Live Action,"Action, Adventure, Comedy",1,0,0,1,1,1,1,0,0,0,0,0,0,1,Megan Fox,Stephen Amell,Dave Green,108.0,245.62,"8,862,273",86,5.7,>2000,Average
fantasticfour,0.55,English,106,4.3,Live Action,"Action, Adventure, Sci-Fi",1,0,0,1,1,1,0,0,0,0,0,0,0,1,Miles Teller,Kate Mara,Josh Trank,79.0,167.88,"11,654,543",100,4.3,>2000,Flop
nightatthemuseum,,English,108,6.4,Live Action,"Adventure, Comedy, Family",1,0,0,1,0,1,1,0,0,0,1,0,0,1,Ben Stiller,Carla Gugino,Shawn Levy,110.0,574.5,"20,477,751",22,7.5,>4000,Blockbuster
sanandreas,0.4,English,114,6.0,Live Action,"Action, Adventure, Drama",0,0,0,1,1,1,1,0,0,0,0,0,0,1,Dwayne Johnson,Carla Gugino,Brad Peyton,110.0,474.9,"10,594,275",120,6.0,>1000,Hit
tomorrowneverdies,0.0,English,119,6.5,Live Action,"Action, Adventure, Thriller",0,1,0,0,1,1,0,0,0,0,0,0,1,1,Pierce Brosnan,Michelle Yeoh,Roger Spottiswoode,110.0,333.0,"9,588,206",25,6.8,>3000,Hit
thepatriot,0.4,English,165,7.2,Live Action,"Action, Drama, History",0,1,0,1,1,1,0,1,0,0,0,0,0,0,Mel Gibson,Heath Ledger,Roland Emmerich,110.0,215.3,"10,054,711",30,7.4,>3500,Blockbuster
oceanstwelve,0.4,English,125,6.5,Live Action,"Crime, Thriller",0,1,0,1,1,1,0,1,0,0,1,0,1,0,George Clooney,Brad Pitt,Steven Soderbergh,110.0,362.0,"26,413,488","4,000",6.7,>3000,Blockbuster
mrmrssmith,0.5,English,120,6.5,Live Action,"Action, Comedy, Crime",0,1,0,1,1,1,1,1,0,0,1,0,1,0,Brad Pitt,Angelina Jolie,Doug Liman,110.0,478.2,"37,193,659","3,300",6.8,>3400,Blockbuster
thedivergentseriesinsurgent,,English,119,6.2,Live Action,"Action, Adventure, Sci-Fi",1,0,0,1,1,1,1,1,0,0,0,0,0,1,Shailene Woodley,Theo James,Robert Schwentke,110.0,295.0,"6,789,684",86,6.2,">3,400",Flop
theaviator,0.4666666666666667,English,170,7.5,Live Action,"Biography, Drama, History",0,1,0,1,0,1,1,1,0,0,1,0,0,0,Leonardo DiCaprio,Cate Blanchett,Martin Scorsese,110.0,213.7,"3,794,568",45,7.5,">1,796",Hit
gulliverstravels,,English,85,4.9,Live Action,"Adventure, Comedy, Family",1,1,0,1,0,0,1,0,0,0,1,0,0,0,Jack Black,Amanda Peet,Rob Letterman,112.0,237.4,"3,316,469",48,5.6,">3,089",Flop
thegreenhornet,0.4,English,119,5.8,Live Action,"Action, Comedy, Crime",0,0,0,1,0,1,1,0,0,0,1,0,1,0,Seth Rogen,Jay Chou,Michel Gondry,120.0,227.8,"6,369,900",100,5.8,">3,584",Average
300riseofanempire,0.35,English,102,6.2,Live Action,"Action, Fantasy, War",0,1,0,1,0,1,0,0,0,0,0,0,1,0,Sullivan Stapleton,Eva Green,Noam Murro,110.0,337.6,"10,678,714",66,6.0,">3,470",Average
thesmurfs,0.15,English,103,5.4,Live Action,"Animation, Adventure, Comedy",0,1,0,1,0,0,1,0,0,0,1,0,0,0,Hank Azaria,Katy Perry,Raja Gosnell,110.0,563.7,"4,580,220",40,5.4,>3000,Flop
homeontherange,0.4,English,76,5.4,Live Action,"Animation, Adventure, Comedy",0,1,0,0,0,0,0,0,0,0,0,0,0,0,Roseanne Barr,Judi Dench,"Will Finn, John Sanford",110.0,103.9,"5,285,483",54,4.5,>3000,Flop
allegiant,,English,120,5.7,Live Action,"Action, Adventure, Mystery",1,0,0,1,1,1,1,0,0,0,0,0,0,1,Shailene Woodley,Theo James,Robert Schwentke,110.0,179.2,"6,524,513",62,5.7,>4000,Flop
realsteel,0.4,English,127,7.1,Live Action,"Action, Drama, Family",0,1,0,1,1,1,0,0,0,0,0,0,0,1,Hugh Jackman,Evangeline Lilly,Shawn Levy,110.0,299.3,"7,368,343",64,7.1,>1000,Hit
thesmurfs2,0.2,English,105,5.3,Live Action,"Animation, Adventure, Comedy",0,1,0,1,1,1,1,0,0,0,1,0,0,1,Hank Azaria,Katy Perry,Raja Gosnell,105.0,347.4,"4,526,722",48,5.4,>3000,Flop
speed2cruisecontrol,,English,121,3.9,Live Action,"Action, Adventure, Crime",0,1,0,1,1,1,1,1,0,0,0,0,0,1,Sandra Bullock,Jason Patric,Jan de Bont,160.0,164.5,"4,535,774",40,3.7,>3500,Flop
endersgame,0.0,English,114,6.6,Live Action,"Action, Adventure, Sci-Fi",0,1,0,1,1,1,1,0,0,0,0,0,1,1,Asa Butterfield,Harrison Ford,Gavin Hood,110.0,125.5,"6,747,674",57,6.6,>3000,Average
livefreeordiehard,0.4,English,128,7.1,Live Action,"Action, Adventure, Thriller",0,1,0,0,0,1,1,0,0,0,0,0,1,1,Bruce Willis,Justin Long,Len Wiseman,110.0,388.0,"6,687,059",105,7.1,>3400,Hit
thelordoftheringsthefellowshipofthering,0.45,English,178,8.8,Live Action,"Action, Adventure, Drama",1,0,0,1,0,1,0,0,0,0,0,0,1,1,Elijah Wood,Ian McKellen,Peter Jackson,93.0,888.3,"7,791,280",61,8.8,>2000,Blockbuster
aroundtheworldin80days,,English,120,5.9,Live Action,"Action, Adventure, Comedy",0,1,0,1,0,1,0,0,0,0,0,0,0,1,Jackie Chan,Steve Coogan,Frank Coraci,110.0,72.2,"6,369,900",100,5.9,>2000,Flop
ali,0.3,English,157,6.8,Live Action,"Biography, Drama, Sport",0,1,0,0,0,1,0,0,1,0,0,0,0,0,Will Smith,Jamie Foxx,Michael Mann,107.0,87.8,"87,773,362","2,446",6.8,>2000,Average
thecatinthehat,,English,82,4.0,Live Action,"Adventure, Comedy, Family",1,0,0,1,0,0,0,0,0,0,1,0,0,1,Mike Myers,Dakota Fanning,Bo Welch,109.0,133.4,"55,474,331",30,4.0,>4000,Flop
irobot,0.1,English,115,7.1,Live Action,"Action, Drama, Sci-Fi",1,1,0,1,1,1,1,0,0,0,0,0,0,1,Will Smith,Bridget Moynahan,Alex Proyas,120.0,347.2,"12,667,977",118,7.1,>1000,Blockbuster
kingdomofheaven,0.5,English,144,7.2,Live Action,"Action, Adventure, Drama",1,1,0,1,0,1,0,1,0,0,0,0,1,0,Orlando Bloom,Eva Green,Ridley Scott,130.0,211.6,"21,454,951",43,7.2,>3000,Flop
stuartlittle,,English,84,5.9,Live Action,"Adventure, Comedy, Family",0,1,1,1,0,0,1,1,0,0,1,0,1,0,Michael J. Fox,Jonathan Lipnicki,Rob Minkoff,133.0,300.1,"33,328,904","3,216",5.4,>3500,Hit
theprincessandthefrog,0.6,English,97,7.1,Animated,"Animation, Adventure, Comedy",1,0,0,1,1,1,0,1,0,0,0,0,1,1,Anika Noni Rose,Bruno Campos,"Ron Clements, John Musker",105.0,270.5,"140,452,515","3,240",7.1,>3000,Hit
theisland,,English,136,6.9,Live Action,"Action, Sci-Fi, Thriller",1,0,0,1,1,1,0,0,0,0,0,0,1,1,Ewan McGregor,Scarlett Johansson,Michael Bay,126.0,162.9,"630,161,890","3,821",6.9,">3,400",Flop
thetownthatdreadedsundown,0.5,English,86,5.6,Live Action,"Crime, Horror, Mystery",0,0,0,0,1,0,0,0,1,0,0,1,1,1,Addison Timlin,Veronica Cartwright,Alfonso Gomez-Rejon,110.0,31.5,"162,949,164","3,122",5.6,">1,796",Flop
goneinsixtysecondsatascotraceway,,English,118,6.5,Live Action,"Action, Crime, Thriller",0,0,0,0,0,0,1,0,0,0,0,1,1,1,Nicolas Cage,Angelina Jolie,Dominic Sena,114.0,237.2,"12,370,855","2,790",6.5,">3,089",Flop
gladiator,0.45,English,155,8.5,Live Action,"Action, Adventure, Drama",1,0,0,1,0,1,0,0,0,0,0,1,1,1,Russell Crowe,Joaquin Phoenix,Ridley Scott,103.0,457.6,"13,525,000",19,8.6,">3,584",Blockbuster
minorityreport,,English,145,7.6,Live Action,"Action, Crime, Drama",1,0,0,1,1,1,1,0,1,0,0,0,1,1,Tom Cruise,Colin Farrell,Steven Spielberg,102.0,358.4,"460,583,960","3,106",7.7,">3,470",Blockbuster
harrypotterandthechamberofsecrets,0.0,English,161,7.4,Live Action,"Adventure, Family, Fantasy",1,0,1,1,0,0,1,0,0,0,0,0,1,1,Daniel Radcliffe,Rupert Grint,Chris Columbus,100.0,879.5,"358,372,926","3,001",7.6,>3000,Blockbuster
casinoroyale,0.45,English,144,8.0,Live Action,"Action, Adventure, Thriller",0,0,0,1,1,1,0,0,1,0,0,0,1,1,Daniel Craig,Eva Green,Martin Campbell,150.0,616.5,"879,484,425","3,192",8.2,>3000,Blockbuster
planetoftheapes,0.0,English,119,5.7,Live Action,"Action, Adventure, Sci-Fi",0,0,0,1,0,1,0,0,1,0,0,0,1,1,Mark Wahlberg,Helena Bonham Carter,Tim Burton,100.0,362.2,"362,211,740","3,257",5.9,>4000,Hit
terminator2judgmentday,,English,137,8.5,Live Action,"Action, Sci-Fi",0,0,0,1,1,1,0,0,1,0,0,0,1,1,Arnold Schwarzenegger,Linda Hamilton,James Cameron,102.0,520.9,"362,211,740","3,257",8.5,>1000,Blockbuster
publicenemies,0.15,English,140,7.0,Live Action,"Biography, Crime, Drama",0,0,0,0,1,1,0,0,0,0,0,0,1,1,Johnny Depp,Christian Bale,Michael Mann,100.0,214.1,"214,104,620","3,520",7.0,>3000,Hit
americangangster,0.25,English,157,7.8,Live Action,"Biography, Crime, Drama",1,0,0,0,1,1,0,0,0,0,0,0,1,1,Denzel Washington,Russell Crowe,Ridley Scott,100.0,266.5,"214,104,620","3,520",7.7,>3500,Blockbuster
truelies,0.6,English,141,7.2,Live Action,"Action, Comedy, Thriller",0,0,0,0,1,1,0,0,0,0,1,0,1,1,Arnold Schwarzenegger,Jamie Lee Curtis,James Cameron,100.0,378.9,"266,272,577","3,334",7.3,>3000,Hit
littlefockers,0.45,English,98,5.5,Live Action,"Comedy, Romance",0,0,0,0,1,1,0,0,0,0,1,0,1,1,Robert De Niro,Ben Stiller,Paul Weitz,100.0,310.7,"310,650,585","3,536",5.4,>3400,Average
theotherguys,0.3,English,107,6.6,Live Action,"Action, Comedy, Crime",0,0,0,0,1,0,0,0,0,0,1,0,1,1,Will Ferrell,Mark Wahlberg,Adam McKay,100.0,170.4,"170,432,927","3,651",6.6,>2000,Average
eraser,0.625,English,115,6.1,Live Action,"Action, Drama, Thriller",0,0,0,0,1,1,0,0,0,0,0,0,1,1,Arnold Schwarzenegger,Vanessa Williams,Chuck Russell,100.0,242.3,"242,295,562","3,436",5.8,>2000,Flop
thehunchbackofnotredame,,English,91,6.9,Animated,"Animation, Drama, Family",0,1,1,1,0,0,1,0,0,0,0,0,0,0,Tom Hulce,Demi Moore,"Gary Trousdale, Kirk Wise",100.0,325.3,"325,104,026","3,126",6.9,>4000,Superhit
theemperorsnewgroove,,English,78,7.3,Animated,"Animation, Adventure, Comedy",1,0,0,1,0,1,1,1,0,0,0,0,0,0,David Spade,John Goodman,Mark Dindal,100.0,169.9,"169,327,687","3,136",7.2,>1000,Superhit
theexpendables2,0.35,English,103,6.6,Live Action,"Action, Adventure, Thriller",0,0,0,1,0,0,1,0,0,0,0,0,0,0,Sylvester Stallone,Jason Statham,Simon West,100.0,314.9,"312,573,423","3,334",6.6,>3000,Flop
nationaltreasure,0.4444444444444444,English,131,6.9,Live Action,"Action, Adventure, Mystery, Thriller",0,0,0,1,0,0,1,0,1,0,0,0,0,0,Nicolas Cage,Diane Kruger,Jon Turteltaub,100.0,347.5,"349,216,835","3,243",6.8,>3500,Blockbuster
eragon,0.4,English,104,5.1,Live Action,"Action, Adventure, Family",1,0,0,1,1,0,0,0,0,0,0,0,0,0,Ed Speleers,Sienna Guillory,Stefen Fangmeier,100.0,249.5,"249,288,105","3,376",5.0,>3000,Flop
wherethewildthingsare,0.45,English,101,6.7,Live Action,"Adventure, Drama, Family",1,1,0,0,1,0,0,1,0,0,0,0,0,0,Max Records,Catherine Keener,Spike Jonze,100.0,100.1,"100,086,678","3,645",6.6,>3400,Average
epic,0.55,English,102,6.6,Animated,"Animation, Adventure, Family",1,0,0,1,0,0,1,0,0,0,0,0,0,0,Amanda Seyfried,Josh Hutcherson,Chris Wedge,100.0,268.4,"268,426,634","3,202",6.5,">3,400",Average
thetourist,0.0,English,103,6.0,Live Action,"Action, Adventure, Crime",0,1,0,1,0,1,0,1,0,0,0,0,0,0,Johnny Depp,Angelina Jolie,Florian Henckel von Donnersmarck,100.0,278.3,"278,346,189","3,224",6.0,">1,796",Flop
endofdays,0.3333333333333333,English,122,5.8,Live Action,"Action, Fantasy, Horror",0,0,0,0,1,1,0,1,0,0,0,0,0,0,Arnold Schwarzenegger,Gabriel Byrne,Peter Hyams,100.0,212.0,"211,989,043","3,246",5.8,">3,089",Average
blooddiamond,0.125,English,143,8.0,Live Action,"Action, Adventure, Drama",0,1,0,0,1,0,1,0,0,1,0,0,0,0,Leonardo DiCaprio,Djimon Hounsou,Edward Zwick,100.0,171.4,"171,875,124","3,065",8.1,">3,584",Hit
batmanforever,0.15,English,121,5.4,Live Action,"Action, Adventure, Fantasy",0,0,0,0,0,0,0,0,1,0,0,0,0,0,Val Kilmer,Tommy Lee Jones,Joel Schumacher,100.0,336.5,"336,529,144","4,028",5.4,>3000,Blockbuster
starshiptroopers,0.2,English,129,7.2,Live Action,"Action, Adventure, Sci-Fi",1,0,0,1,0,1,0,0,0,0,0,0,0,1,Casper Van Dien,Dina Meyer,Paul Verhoeven,100.0,121.2,"121,214,377","3,002",7.2,>3000,Hit
cloudatlas,0.7,English,172,7.4,Live Action,"Action, Drama, Mystery",1,1,0,1,0,0,0,0,0,0,0,0,0,0,Tom Hanks,Halle Berry,"Tom Tykwer, Andy Wachowski, Lana Wachowski",100.0,130.5,"130,482,868","3,243",7.5,>4000,Flop
legendoftheguardianstheowlsofgahoole,,English,97,6.9,Animated,"Animation, Action, Adventure",1,0,0,1,1,0,0,1,0,0,0,0,0,0,Jim Sturgess,Hugo Weaving,Zack Snyder,100.0,140.1,"140,073,390","3,641",7.0,>1000,Flop
catwoman,0.0,English,104,3.3,Live Action,"Action, Crime, Fantasy",0,1,0,0,0,1,0,1,0,0,0,1,0,0,Halle Berry,Benjamin Bratt,Pitof,100.0,82.1,"82,102,379","3,117",3.3,>3000,Flop
hercules,,English,93,7.3,Animated,"Animation, Adventure, Comedy",1,0,0,1,0,0,1,0,0,0,0,0,0,0,Tate Donovan,Danny DeVito,"Ron Clements, John Musker",100.0,252.7,"244,909,976","3,602",7.3,>3500,Hit
treasureplanet,0.0666666666666666,English,95,7.1,Animated,"Animation, Adventure, Family",1,1,0,1,1,0,0,0,0,0,0,0,0,0,Joseph Gordon-Levitt,Emma Thompson,"Ron Clements, John Musker",140.0,109.6,"109,578,115","3,038",7.1,>3000,Flop
landofthelost,0.4,English,102,5.3,Live Action,"Adventure, Comedy, Sci-Fi",0,0,0,1,0,0,0,0,1,0,0,0,0,0,Will Ferrell,Anna Friel,Brad Silberling,100.0,68.8,"68,733,155","3,521",5.4,>3400,Flop
theexpendables3,0.5,English,126,6.0,Live Action,"Action, Adventure, Thriller",0,0,0,0,0,1,1,0,0,0,0,0,0,0,Sylvester Stallone,Jason Statham,Patrick Hughes,90.0,214.6,"206,172,544","4,035",6.0,>2000,Flop
pointbreak,0.5,English,122,7.2,Live Action,"Action, Crime, Thriller",0,1,0,0,0,1,0,0,0,0,0,0,0,0,Keanu Reeves,Patrick Swayze,Kathryn Bigelow,105.0,83.5,"133,726,889","3,255",7.2,>2000,Average
sonofthemask,0.35,English,94,2.2,Live Action,"Comedy, Family, Fantasy",0,0,0,0,0,1,0,0,0,0,0,0,0,0,Jamie Kennedy,Alan Cumming,Lawrence Guterman,84.0,59.9,"59,918,422","3,689",2.2,>2000,Flop
intheheartofthesea,0.3333333333333333,English,122,6.9,Live Action,"Action, Adventure, Biography",0,1,0,1,1,0,1,0,0,0,0,0,0,0,"Cillian Murphy, Chris Hemsworth",Benjamin Walker,Ron Howard,100.0,93.9,"93,920,758","3,103",7.0,>4000,Flop
theadventuresofplutonash,0.35,English,95,3.8,Live Action,"Action, Comedy, Sci-Fi",0,0,0,1,0,0,0,1,0,0,0,1,0,0,Eddie Murphy,Randy Quaid,Ron Underwood,100.0,7.1,"7,103,973","3,221",3.8,>1000,Flop
greenzone,0.5,English,115,6.8,Live Action,"Action, Drama, Thriller",0,0,0,0,1,1,1,0,0,0,0,0,0,0,Matt Damon,Gregor Fisher,Paul Greengrass,100.0,94.9,"94,201,586","3,653",6.7,>3000,Average
thepeanutsmovie,,English,88,7.1,Animated,"Animation, Adventure, Comedy",0,0,0,0,1,0,0,1,1,0,0,0,0,0,Noah Schnapp,Bill Melendez,Steve Martino,99.0,246.2,"12,795,219","3,478",7.1,>3500,Hit
thespanishprisoner,0.7,English,110,7.7,Live Action,"Drama, Mystery, Thriller",0,0,1,0,1,0,0,0,0,1,0,0,0,0,Campbell Scott,Steve Martin,David Mamet,45.0,12.0,"433,013,274","3,449",7.6,>3000,Average
themummyreturns,0.25,English,130,6.3,Live Action,"Action, Adventure, Fantasy",0,1,0,0,1,0,1,0,0,0,0,1,0,0,Brendan Fraser,Rachel Weisz,Stephen Sommers,98.0,433.0,"193,772,504","3,641",6.3,>3400,Blockbuster
gangsofnewyork,0.3,English,167,7.5,Live Action,"Crime, Drama",0,1,0,1,0,1,1,0,0,0,0,0,0,0,Leonardo DiCaprio,Daniel Day-Lewis,Martin Scorsese,100.0,193.8,"98,117,707","3,900",7.3,">3,400",Hit
theflowersofwar,0.5,Other Regional,146,7.5,Live Action,"Drama, History, Romance",0,0,0,1,0,0,0,0,1,0,0,0,0,0,Christian Bale,Ni Ni,Yimou Zhang,100.0,95.1,"95,266,903","3,149",7.4,">1,796",Flop
surfsup,,English,85,6.6,Animated,"Animation, Comedy, Family",0,0,0,0,1,0,0,1,0,1,0,0,0,0,Shia LaBeouf,Jeff Bridges,"Ash Brannon, Chris Buck",85.0,149.0,"149,044,513","3,532",6.6,">3,089",Average
thestepfordwives,0.5,English,93,5.2,Live Action,"Comedy, Horror, Sci-Fi",0,0,0,0,0,0,0,0,0,0,1,0,0,0,Nicole Kidman,Matthew Broderick,Frank Oz,90.0,102.0,4765017.00,60,5.3,">3,584",Flop
blackhawkdown,0.35,English,144,7.7,Live Action,"Drama, History, War",0,0,0,1,0,1,1,0,0,0,0,1,0,0,Josh Hartnett,Ewan McGregor,Ridley Scott,92.0,172.4,20370329.00,113,7.7,">3,470",Superhit
thecampaign,,English,85,6.1,Live Action,Comedy,0,1,0,0,0,0,1,0,0,0,1,0,0,1,Will Ferrell,Zach Galifianakis,Jay Roach,95.0,104.9,3381542.00,68,6.1,>3000,Average
thefifthelement,0.25,English,126,7.7,Live Action,"Action, Adventure, Sci-Fi",0,0,0,0,0,0,0,0,0,0,0,1,0,1,Bruce Willis,Milla Jovovich,Luc Besson,80.0,263.9,15310563.00,90,7.7,>3000,Blockbuster
sexandthecity2,0.35,English,146,4.3,Live Action,"Comedy, Drama, Romance",0,0,0,1,1,0,0,1,0,0,0,0,0,0,Sarah Jessica Parker,Kim Cattrall,Michael Patrick King,95.0,294.7,16920650.00,69,4.3,>4000,Flop
theroadtoeldorado,,English,89,6.9,Animated,"Animation, Adventure, Comedy",0,0,0,0,1,1,0,0,0,0,0,0,0,0,Kevin Kline,Kenneth Branagh,"Bibo Bergeron, Will Finn, Don Paul, David Silverman",95.0,76.4,13905235.00,19,6.9,>1000,Flop
iceagecontinentaldrift,0.0,English,88,6.6,Animated,"Animation, Adventure, Comedy",0,1,0,1,1,0,0,1,0,0,0,0,0,0,Ray Romano,Queen Latifah,"Steve Martino, Mike Thurmeier",95.0,877.2,14071914.00,77,6.6,>3000,Blockbuster
cinderella,0.25,English,105,6.9,Live Action,"Drama, Family, Fantasy",0,0,0,0,1,0,0,0,0,1,0,0,0,0,Lily James,Cate Blanchett,Kenneth Branagh,135.0,543.5,201151353.00,63,6.9,>3500,Superhit
thelovelybones,0.7,English,135,6.7,Live Action,"Drama, Fantasy, Thriller",0,1,0,0,0,0,0,1,0,0,0,0,0,0,Mark Wahlberg,Saoirse Ronan,Peter Jackson,65.0,93.6,44114232.00,119,6.7,>3000,Flop
findingnemo,0.5,English,100,8.1,Animated,"Animation, Adventure, Comedy",0,1,0,1,0,0,1,0,0,0,0,0,0,0,Albert Brooks,Ellen DeGeneres,"Andrew Stanton, Lee Unkrich",94.0,940.3,87449427.00,60,8.1,>3400,Blockbuster
thelordoftheringsthereturnoftheking,0.55,English,201,8.9,Live Action,"Action, Adventure, Drama",1,1,0,1,0,0,1,1,0,0,0,0,0,1,Elijah Wood,Viggo Mortensen,Peter Jackson,94.0,1140.3,141407024.00,61,8.7,>2000,Blockbuster
thelordoftheringsthetwotowers,0.15,English,179,8.7,Live Action,"Action, Adventure, Drama",1,1,0,1,0,0,1,1,0,0,0,0,0,1,Elijah Wood,Viggo Mortensen,Peter Jackson,94.0,926.0,41122566.00,119,8.6,>2000,Blockbuster
seventhson,0.3,English,102,5.5,Live Action,"Action, Adventure, Fantasy",1,0,0,1,1,1,0,0,0,0,0,0,0,0,Ben Barnes,Jeff Bridges,Sergei Bodrov,95.0,114.2,131883002.00,60,5.5,>2000,Flop
laracrofttombraider,0.0,English,100,5.8,Live Action,"Action, Adventure, Fantasy",0,1,0,1,1,0,1,0,0,0,0,1,0,1,Angelina Jolie,,Simon West,115.0,274.7,103028322.00,59,5.8,>4000,Hit
transcendence,0.6,English,119,6.3,Live Action,"Action, Drama, Sci-Fi",0,1,0,0,0,1,0,0,1,0,0,1,1,0,Johnny Depp,Rebecca Hall,Wally Pfister,100.0,103.0,54616869.00,100,6.3,>1000,Flop
jurassicparkiii,,English,92,5.9,Live Action,"Action, Adventure, Sci-Fi",1,0,0,1,0,0,1,1,0,0,0,0,0,1,Sam Neill,Téa Leoni,Joe Johnston,93.0,368.8,105194428.00,53,5.9,>3000,Average
riseoftheplanetoftheapes,0.3,English,105,7.6,Live Action,"Action, Drama, Sci-Fi",0,0,0,1,1,0,1,0,0,0,0,0,0,0,James Franco,Andy Serkis,Rupert Wyatt,93.0,481.8,162839667.00,60,7.5,>3500,Hit
thespiderwickchronicles,,English,96,6.6,Live Action,"Adventure, Family, Fantasy",1,0,0,1,0,0,0,1,0,0,0,0,0,1,Freddie Highmore,Sarah Bolger,Mark Waters,90.0,162.8,304654182.00,58,6.6,>3000,Average
agooddaytodiehard,0.2857142857142857,English,98,5.2,Live Action,"Action, Thriller",0,0,0,0,0,1,1,0,0,1,0,0,0,0,Bruce Willis,Jai Courtney,John Moore,92.0,304.7,304654182.00,"3,641",5.2,>3400,Flop
thealamo,0.1666666666666666,English,137,6.0,Live Action,"Drama, History, War",0,0,0,0,1,0,1,0,0,0,0,0,0,0,Dennis Quaid,Billy Bob Thornton,John Lee Hancock,107.0,25.8,25818863.00,25,6.0,">3,400",Flop
theincredibles,,English,115,8.0,Animated,"Animation, Action, Adventure",1,0,0,1,0,0,1,1,0,0,1,0,0,0,Craig T. Nelson,Holly Hunter,Brad Bird,92.0,633.0,631442092.00,"3,933",8.0,">1,796",Superhit
cutthroatisland,,English,124,5.7,Live Action,"Action, Adventure, Comedy",0,1,0,0,0,0,0,0,1,0,0,0,0,0,Geena Davis,Matthew Modine,Renny Harlin,98.0,18.3,18634837.00,"2,318",5.6,">3,089",Flop
percyjackson,0.1,English,118,5.9,Live Action,"Adventure, Family, Fantasy",0,1,0,1,1,0,0,1,0,0,0,0,0,0,Logan Lerman,Alexandra Daddario,Chris Columbus,95.0,226.4,221229335.00,"3,322",5.9,">3,584",Flop
meninblack,0.4,English,98,7.3,Live Action,"Action, Adventure, Comedy",0,0,0,0,1,1,0,0,0,0,0,0,0,0,Will Smith,Tommy Lee Jones,Barry Sonnenfeld,90.0,589.4,587790539.00,"3,562",7.3,">3,470",Blockbuster
toystory2,,English,92,7.9,Animated,"Animation, Adventure, Comedy",1,0,0,0,1,0,1,0,0,0,0,1,0,0,Tom Hanks,Tim Allen,"John Lasseter, Ash Brannon, Lee Unkrich",90.0,497.4,497366869.00,"3,654",7.9,>3000,Superhit
unstoppable,0.25,English,98,6.8,Live Action,"Action, Thriller",0,0,0,0,0,1,1,0,0,0,1,0,0,0,Denzel Washington,Chris Pine,Tony Scott,100.0,167.8,166336887.00,"3,151",6.8,>3000,Hit
rushhour2,0.35,English,90,6.5,Live Action,"Action, Comedy, Crime",0,0,0,0,0,0,0,1,0,0,0,0,0,0,Jackie Chan,Chris Tucker,Brett Ratner,90.0,347.3,347325802.00,"3,418",6.5,>4000,Superhit
whatliesbeneath,0.5,English,130,6.6,Live Action,"Drama, Horror, Mystery",0,1,0,0,0,0,0,0,0,1,0,0,0,0,Harrison Ford,Michelle Pfeiffer,Robert Zemeckis,100.0,291.4,291420351.00,"3,536",6.6,>1000,Hit
cloudywithachanceofmeatballs,0.2,English,90,7.0,Animated,"Animation, Adventure, Comedy",0,0,0,1,0,0,1,0,0,0,0,0,0,1,Bill Hader,Anna Faris,"Phil Lord, Christopher Miller",100.0,243.0,245422777.00,"3,938",7.0,>3000,Superhit
iceagedawnofthedinosaurs,,English,94,6.9,Animated,"Animation, Adventure, Comedy, Family, Fantasy",1,0,0,1,0,0,0,1,0,0,0,0,0,1,"Ray Romano, Denis Leary, John Leguizamo",,"Carlos Saldanha, Mike Thurmeier",90.0,886.7,4916840.00,27.00,6.9,>3500,Blockbuster
thesecretlifeofwaltermitty,0.0,English,114,7.3,Live Action,"Adventure, Comedy, Drama",0,1,0,0,0,0,1,1,0,0,1,0,0,0,Ben Stiller,Kristen Wiig,Ben Stiller,90.0,188.2,188133322.00,"3,965",7.3,>3000,Hit
charliesangels,0.4,English,98,5.5,Live Action,"Action, Adventure, Comedy",0,0,0,1,1,1,0,0,0,0,0,0,0,0,Cameron Diaz,Drew Barrymore,McG,90.0,264.1,264105545.00,"3,073",5.5,>3400,Flop
thedeparted,0.3333333333333333,English,151,8.5,Live Action,"Crime, Drama, Thriller",0,1,0,0,0,1,0,0,1,0,0,0,1,0,Leonardo DiCaprio,Matt Damon,Martin Scorsese,90.0,291.5,264105545.00,"3,073",8.5,>2000,Hit
mulan,,English,115,7.6,Animated,"Animation, Adventure, Drama",0,0,0,1,0,0,1,0,0,0,0,0,0,0,Ming-Na Wen,,"Tony Bancroft, Barry Cook",90.0,304.3,188072649.00,"3,922",7.6,>2000,Superhit
tropicthunder,0.0,English,107,7.0,Live Action,"Action, Comedy",0,0,0,0,0,1,1,0,0,1,1,0,0,0,Ben Stiller,Robert Downey Jr.,War Ben Stiller,85.0,188.1,201946338.00,"3,774",7.0,>2000,Hit
thegirlwiththedragontattoo,0.25,English,158,7.8,Live Action,"Crime, Drama, Mystery",0,0,0,0,0,0,0,0,1,0,0,1,0,1,Daniel Craig,Rooney Mara,David Fincher,90.0,232.6,232617430.00,"2,914",7.7,>4000,Hit
diehardwithavengeance,1.0,English,128,7.6,Live Action,"Action, Adventure, Thriller",0,0,0,0,1,1,0,1,0,0,0,0,0,0,Bruce Willis,Samuel L. Jackson,John McTiernan,90.0,366.1,366101666.00,"3,017",7.6,>1000,Hit
benhur,0.45,English,123,5.7,Live Action,"Action, Adventure, Drama",0,1,0,0,1,0,0,0,0,0,0,0,0,0,Charlton Heston,Sophia Loren,Timur Bekmambetov,100.0,94.1,94095796.00,"3,286",5.7,>3500,Blockbuster
atlantisthelostempire,0.0,English,96,6.8,Animated,"Animation, Action, Adventure",1,0,0,1,0,0,1,0,0,0,0,0,0,0,Michael J. Fox,Cree Summer,"Gary Trousdale, Kirk Wise",120.0,186.1,186053725.00,"3,012",6.8,>3000,Average
alvinandthechipmunkstheroadchip,,English,92,5.0,Animated,"Animation, Adventure, Comedy",1,0,1,1,0,1,1,0,0,0,0,1,0,1,Jason Lee,Anna Faris,Walt Becker,90.0,234.8,234799006.00,"3,781",4.9,>3400,Average
valkyrie,,English,121,7.1,Live Action,"Drama, History, Thriller",0,1,0,0,0,1,0,0,0,1,0,0,0,1,Tom Cruise,,Bryan Singer,75.0,200.3,200276568.00,"3,382",7.1,">3,400",Average
youdontmesswiththezohan,0.35,English,113,5.5,Live Action,Comedy,0,0,1,0,0,1,1,0,0,0,1,0,0,0,Adam Sandler,Emmanuelle Chriqui,Dennis Dugan,90.0,204.3,201979256.00,"3,407",5.5,">1,796",Average
pixels,0.4,English,105,5.5,Live Action,"Comedy, Sci-Fi, Thriller",0,0,0,1,1,0,1,0,0,0,1,0,1,1,Adam Sandler,,Chris Columbus,88.0,244.8,244874809.00,"3,737",5.4,">3,089",Average
aiartificialintelligence,0.5,English,146,7.2,Live Action,"Adventure, Drama, Sci-Fi",0,1,0,0,0,0,0,0,0,1,0,1,1,1,Haley Joel Osment,Jude Law,Steven Spielberg,100.0,235.9,235926552.00,"3,791",7.2,">3,584",Hit
thehauntedmansion,,English,99,4.9,Live Action,"Comedy, Family, Fantasy",0,0,0,0,0,0,1,0,0,0,1,0,0,0,Eddie Murphy,,Rob Minkoff,90.0,182.3,182290685.00,"3,379",4.9,">3,470",Flop
contact,0.4,English,150,7.4,Live Action,"Drama, Mystery, Sci-Fi, Thriller",0,1,1,0,1,0,0,0,0,0,0,1,0,0,Jodie Foster,Matthew McConaughey,Robert Zemeckis,90.0,171.1,171405412.00,"3,409",7.7,>3000,Hit
hollowman,0.1666666666666666,English,112,5.7,Live Action,"Action, Horror, Sci-Fi, Thriller",0,0,0,0,1,0,0,1,0,0,0,1,0,0,Kevin Bacon,Elisabeth Shue,Paul Verhoeven,95.0,190.2,190213455.00,"3,244",5.7,>3000,Hit
theinterpreter,0.4615384615384615,English,128,6.4,Live Action,"Crime, Mystery, Thriller",0,1,0,0,0,1,0,0,0,1,0,0,0,1,Nicole Kidman,Sean Penn,Sydney Pollack,95.0,162.9,190213455.00,"3,244",6.5,>4000,Average
percyjacksonseaofmonsters,0.15,English,106,5.8,Live Action,"Adventure, Family, Fantasy, Thriller",1,0,0,1,0,0,1,0,0,0,1,0,0,1,Logan Lerman,Alexandra Daddario,Thor Freudenthal,90.0,199.8,202359711.00,"3,778",5.8,>1000,Average
laracrofttombraiderthecradleoflife,0.3,English,117,5.5,Live Action,"Action, Adventure, Fantasy, Thriller",0,1,0,1,1,1,0,0,0,0,0,0,1,0,Angelina Jolie,Gerard Butler,Jan de Bont,95.0,156.5,65653758.00,"3,515",5.5,>3000,Average
nowyouseeme2,0.25,English,129,6.5,Live Action,"Action, Adventure, Comedy, Crime, Mystery, Thriller",0,1,1,1,0,1,0,0,0,0,1,0,0,1,Jesse Eisenberg,Mark Ruffalo,Jon M. Chu,90.0,334.9,334901337.00,"3,815",6.6,>3500,Hit
